timestamp;actual;predicted
1;[1, 3, 4];[1, 3, 4]
2;[0, 2];[0, 2]
3;[1, 3, 4];[1, 3, 4]
4;[1, 3, 4];[1, 3, 4]
5;[1, 3, 4];[1, 3, 4]
6;[0, 2, 3];[0, 2, 3]
7;[1, 3, 4];[1, 3, 4]
8;[2];[2]
9;[1, 3, 4];[1, 3, 4]
10;[1, 3, 4];[0, 1, 3, 4]
11;[1, 3, 4];[1, 3, 4]
12;[0, 2];[0, 2]
13;[0, 2];[0, 2]
14;[0, 2];[0, 2, 3]
15;[1, 3, 4];[1, 3, 4]
16;[1, 3, 4];[1, 3, 4]
17;[2];[2]
18;[1, 2, 3, 4];[1, 2, 3, 4]
19;[0];[0]
20;[0, 2];[0, 2]
21;[2];[2]
22;[1, 3, 4];[1, 3, 4]
23;[2];[2]
24;[2];[2]
25;[1, 3, 4];[1, 3, 4]
26;[2];[2]
27;[1, 3, 4];[1, 3, 4]
28;[1, 3, 4];[1, 3, 4]
29;[1, 3, 4];[1, 3, 4]
30;[0, 2];[0, 2]
31;[1, 3, 4];[1, 3, 4]
32;[1, 3, 4];[1, 3, 4]
33;[1, 3, 4];[1, 3, 4]
34;[1, 4];[1, 4]
35;[0, 2];[0, 2]
36;[0, 2];[0, 2]
37;[0, 2];[0, 2]
38;[0, 2];[0, 2]
39;[1, 3, 4];[1, 3, 4]
40;[1, 3, 4];[1, 3, 4]
41;[1, 3, 4];[1, 3, 4]
42;[0, 2];[0, 2]
43;[1, 3, 4];[1, 3, 4]
44;[0, 2];[0, 2]
45;[1, 3, 4];[1, 3, 4]
46;[0, 2];[0, 2]
47;[1, 3, 4];[1, 3, 4]
48;[1];unknwon
49;[1, 3, 4];[1, 3, 4]
50;[2];[2]
51;[1, 3, 4];[1, 3, 4]
52;[0];[0]
53;[2];[2]
54;[2, 3, 4];[2, 3, 4]
55;[1, 3, 4];[1, 3, 4]
56;[1, 2, 3, 4];[1, 2, 3, 4]
57;[1, 3, 4];[1, 3, 4]
58;[0, 2];[0, 2]
59;[1, 3, 4];[1, 3, 4]
60;[1, 3, 4];[1, 3, 4]
61;[0, 2];[0, 2]
62;[0, 2];[0, 2]
63;[0];[0]
64;[0, 2];[0, 2]
65;[1, 3];[0, 1, 3, 4]
66;[1, 3, 4];[1, 3, 4]
67;[1, 3, 4];[1, 3, 4]
68;[2];[0, 2]
69;[1, 3, 4];[0, 1, 3, 4]
70;[1, 3, 4];[1, 3, 4]
71;[1, 3, 4];[1, 3, 4]
72;[1, 3, 4];[1, 3, 4]
73;[1, 3, 4];[1, 3, 4]
74;[3];[1, 3, 4]
75;[2];[2]
76;[1, 3, 4];[1, 3, 4]
77;[0, 2];[0, 2]
78;[1, 3, 4];[1, 3, 4]
79;[2];[0, 2]
80;[0];[0]
81;[1, 3, 4];[1, 3, 4]
82;[1, 3, 4];[1, 3, 4]
83;[0, 2];[0, 2]
84;[1, 3, 4];[1, 3, 4]
85;[0, 2];[0, 2]
86;[2, 3, 4];[1, 2, 3, 4]
87;[1, 3, 4];[1, 3, 4]
88;[2, 3];[2, 3]
89;[1, 3, 4];[1, 3, 4]
90;[0];[0]
91;[1, 3, 4];[1, 3, 4]
92;[1, 3, 4];[1, 3, 4]
93;[1, 2, 3, 4];[0, 1, 2, 3, 4]
94;[1, 3, 4];[1, 3, 4]
95;[0, 2];[0, 2]
96;[1, 3, 4];[1, 3, 4]
97;[1, 3, 4];[1, 3, 4]
98;[1, 3, 4];[1, 3, 4]
99;[0, 2];[0, 2]
100;[0, 2];[0, 2]
101;[1, 3, 4];[1, 3, 4]
102;[2, 3];[0, 2, 3]
103;[1, 2, 3, 4];[0, 1, 2, 3, 4]
104;[2];[2]
105;[1, 3, 4];[1, 3, 4]
106;[0];unknwon
107;[1, 3, 4];[1, 3, 4]
108;[1, 3, 4];[1, 3, 4]
109;[0, 2];[0, 2]
110;[2];unknwon
111;[1, 3, 4];[1, 3, 4]
112;[1, 3, 4];[1, 3, 4]
113;[2];[2]
114;[1, 3, 4];[1, 3, 4]
115;[1, 3, 4];[1, 3, 4]
116;[1, 3, 4];[1, 3, 4]
117;[3, 4];[1, 3, 4]
118;[1, 3, 4];[1, 3, 4]
119;[0, 2];[0, 2]
120;[0, 2];[0, 2]
121;[0];[0]
122;[0, 2];[0, 2]
123;[1, 3, 4];[0, 1, 3, 4]
124;[0];[0]
125;[0, 2];[0, 2]
126;[0, 2];[0, 2]
127;[0, 2];[0, 2]
128;[1, 3, 4];[1, 3, 4]
129;[2, 3, 4];[0, 1, 2, 3]
130;[1, 3, 4];[1, 3, 4]
131;[1, 3, 4];[1, 3, 4]
132;[0, 2];[0, 2]
133;[1, 2, 3, 4];[0, 1, 2, 3, 4]
134;[3, 4];[1, 3, 4]
135;[1, 2, 3, 4];[0, 1, 2, 3, 4]
136;[0, 2];[0, 2]
137;[1];[1]
138;[1, 3, 4];[1, 3, 4]
139;[1, 3, 4];[1, 3, 4]
140;[0, 2];[0, 2]
141;[0, 2];[0, 2]
142;[0, 2];[0, 2]
143;[1, 3, 4];[1, 3, 4]
144;[1, 3, 4];[0, 1, 3, 4]
145;[2, 3, 4];[1, 2, 3, 4]
146;[0, 2];[0, 2]
147;[0, 2];[0, 2]
148;[2, 3, 4];[1, 2, 3, 4]
149;[1, 3, 4];[1, 3, 4]
150;[0, 2];[0, 2]
151;[1, 4];[1, 4]
152;[0];unknwon
153;[1, 3, 4];[1, 3, 4]
154;[1, 3, 4];[1, 3, 4]
155;[1, 3, 4];[1, 3, 4]
156;[2];[2]
157;[3, 4];[1, 3, 4]
158;[1, 3, 4];[1, 3, 4]
159;[3, 4];[1, 3, 4]
160;[1, 3, 4];[1, 3, 4]
161;[1, 3, 4];[1, 3, 4]
162;[1, 3, 4];[1, 3, 4]
163;[1, 3, 4];[1, 3, 4]
164;[1, 4];[1]
165;[1, 4];[1, 4]
166;[1, 3, 4];[1, 3, 4]
167;[1, 3, 4];[1, 3, 4]
168;[1, 3, 4];[1, 3, 4]
169;[0, 2];[0, 2]
170;[1];[1, 4]
171;[0, 2];[0, 2, 3]
172;[1, 3, 4];[1, 3, 4]
173;[2];[2]
174;[1, 3, 4];[1, 3, 4]
175;[1, 3, 4];[1, 3, 4]
176;[0, 2];[0, 2]
177;[1, 3, 4];[1, 3, 4]
178;[1, 3, 4];[1, 3, 4]
179;[1, 3, 4];[1, 3, 4]
180;[1, 3, 4];[1, 3, 4]
181;[2, 3, 4];[0, 1, 2, 3]
182;[1, 3, 4];[1, 3, 4]
183;[0, 2, 3];[0, 2, 3]
184;[1, 3, 4];[1, 3, 4]
185;[0];[0]
186;[0, 2];[0, 2]
187;[0, 1, 3, 4];[0, 1, 3, 4]
188;[1, 3, 4];[1, 3, 4]
189;[1, 3, 4];[1, 3, 4]
190;[2, 3, 4];[0, 2, 3]
191;[0, 2];[0, 2]
192;[1, 3, 4];[1, 3, 4]
193;[0, 2];[0, 2]
194;[3, 4];[1, 3]
195;[3, 4];[1, 3, 4]
196;[0, 2];[0, 2]
197;[0, 2];[0, 2]
198;[0, 2];[0, 2]
199;[0];[0]
200;[0, 2];[0, 2]
201;[1, 3, 4];[1, 3, 4]
202;[1, 3, 4];[1, 3, 4]
203;[1, 3, 4];[1, 3, 4]
204;[1, 3, 4];[1, 3, 4]
205;[0, 2];[0, 2]
206;[1, 3, 4];[1, 3, 4]
207;[0, 2];[0, 2]
208;[0, 2];[0, 2]
209;[1, 3, 4];[1, 3, 4]
210;[0, 2];[0, 2]
211;[1, 3, 4];[1, 3, 4]
212;[1, 3, 4];[1, 3, 4]
213;[0];[0]
214;[0];[0]
215;[1, 2, 3, 4];[0, 1, 2, 3, 4]
216;[2];[2, 3]
217;[0, 2];[0, 2]
218;[1, 3, 4];[1, 3, 4]
219;[0, 2];[0, 2]
220;[1, 3, 4];[1, 3, 4]
221;[0, 2];[0, 2]
222;[1, 3, 4];[1, 3, 4]
223;[1, 3, 4];[1, 3, 4]
224;[1, 3, 4];[1, 4]
225;[1];[1, 4]
226;[2];[2]
227;[0, 2];[0, 2]
228;[0, 2];[0, 2]
229;[1, 3, 4];[1, 3, 4]
230;[2, 3];[2, 3, 4]
231;[1, 3, 4];[1, 3, 4]
232;[1, 3, 4];[1, 3, 4]
233;[1, 3, 4];[1, 3, 4]
234;[0, 2];[0, 2]
235;[2];[2]
236;[0, 2];[0, 2]
237;[1, 3, 4];[1, 3, 4]
238;[1, 3, 4];[1, 3, 4]
239;[0, 2];[0, 2]
240;[0, 2];[0, 2]
241;[1, 3, 4];[1, 3, 4]
242;[1, 3, 4];[1, 3, 4]
243;[1, 3, 4];[1, 3, 4]
244;[1, 4];[1, 4]
245;[0];[0]
246;[0];unknwon
247;[0, 2];[0, 2]
248;[1, 3, 4];[1, 3, 4]
249;[1, 3, 4];[1, 3, 4]
250;[0, 2];[0, 2]
251;[1, 4];[1, 4]
252;[1, 3, 4];[1, 3, 4]
253;[1, 3, 4];[1, 3, 4]
254;[0, 2];[0, 2, 3]
255;[0];[0]
256;[1, 3, 4];[1, 3, 4]
257;[0, 2];[0, 2]
258;[0, 2];[0, 2]
259;[0, 2];[0, 2]
260;[1, 3, 4];[1, 3, 4]
261;[1, 3, 4];[1, 3, 4]
262;[1, 3, 4];[1, 3, 4]
263;[1, 3, 4];[1, 3, 4]
264;[0, 2, 3];[0, 2, 3]
265;[1, 3, 4];[1, 3, 4]
266;[1, 3, 4];[1, 3, 4]
267;[0, 2];[0, 2]
268;[1, 3, 4];[1, 3, 4]
269;[1, 3, 4];[1, 4]
270;[1, 3, 4];[1, 3, 4]
271;[0, 2];[0, 2]
272;[0, 2];[0, 2]
273;[1, 3, 4];[1, 3, 4]
274;[1, 3, 4];[1, 3, 4]
275;[1, 3, 4];[1, 3, 4]
276;[1, 3, 4];[1, 3, 4]
277;[1, 4];[1, 4]
278;[1, 3, 4];[1, 3, 4]
279;[2];[2]
280;[2];[2]
281;[1, 3, 4];[1, 3, 4]
282;[0, 2];[0, 2]
283;[1, 3, 4];[1, 3, 4]
284;[0, 2, 3];[0, 2, 3]
285;[0, 2];[0, 2]
286;[1, 3, 4];[1, 3, 4]
287;[1, 3, 4];[1, 3, 4]
288;[2];[2]
289;[1, 3, 4];[1, 3, 4]
290;[1, 2, 3, 4];[0, 1, 2, 3, 4]
291;[0];[0]
292;[1, 3, 4];[1, 3, 4]
293;[1, 3, 4];[1, 3, 4]
294;[1, 3, 4];[1, 3, 4]
295;[3, 4];[1, 3, 4]
296;[2, 3, 4];[0, 2, 3, 4]
297;[1, 3, 4];[1, 3, 4]
298;[2];[2, 3]
299;[1, 3, 4];[1, 3, 4]
300;[1, 3, 4];[1, 3, 4]
301;[1, 3, 4];[1, 3, 4]
302;[1];unknwon
303;[1, 3, 4];[1, 3, 4]
304;[1, 3, 4];[1, 3, 4]
305;[1, 3, 4];[1, 3, 4]
306;[1, 3, 4];[1, 3, 4]
307;[1, 4];[1, 4]
308;[1, 3, 4];[1, 3, 4]
309;[1, 3, 4];[1, 3, 4]
310;[2, 3];[2, 3]
311;[0, 2];[0, 2]
312;[0, 2];[0, 2]
313;[1, 3, 4];[1, 3, 4]
314;[2];[2]
315;[1, 3, 4];[1, 3, 4]
316;[0, 2];[0, 2]
317;[1, 3, 4];[1, 3, 4]
318;[0];[0]
319;[1, 3, 4];[1, 3, 4]
320;[0];[0]
321;[0, 2];[0, 2]
322;[1, 2, 3, 4];[0, 1, 2, 3, 4]
323;[1, 3, 4];[1, 3, 4]
324;[1, 3, 4];[1, 3, 4]
325;[2, 3, 4];[2, 3, 4]
326;[1, 3, 4];[1, 3, 4]
327;[1];[1]
328;[0];[0]
329;[1, 3, 4];[1, 3, 4]
330;[0, 2];[0, 2]
331;[1, 3, 4];[1, 3, 4]
332;[1, 3, 4];[1, 3, 4]
333;[1, 3, 4];[1, 3, 4]
334;[2];[2]
335;[1, 3, 4];[1, 3, 4]
336;[3, 4];[1, 3, 4]
337;[0, 2];[0, 2]
338;[1, 3, 4];[1, 3, 4]
339;[1, 3, 4];[1, 3, 4]
340;[0, 2];[0, 2]
341;[1, 3, 4];[1, 3, 4]
342;[1, 3, 4];[1, 3, 4]
343;[1, 3, 4];[1, 3, 4]
344;[1, 3, 4];[1, 3, 4]
345;[1, 3, 4];[1, 3, 4]
346;[0, 2];[0, 2]
347;[1, 2, 3, 4];[0, 1, 2, 4]
348;[1, 3, 4];[1, 3, 4]
349;[1, 3, 4];[1, 3, 4]
350;[1, 3, 4];[1, 3, 4]
351;[1, 3, 4];[1, 3, 4]
352;[0, 2];[0, 2]
353;[0, 2];[0, 2]
354;[2, 3];[0, 2, 3]
355;[1, 3, 4];[1, 3, 4]
356;[0, 2];[0, 2, 3]
357;[1, 3, 4];[1, 3, 4]
358;[1, 3, 4];[1, 3, 4]
359;[2, 3];[0, 2, 3]
360;[3, 4];[1, 3, 4]
361;[0];[0]
362;[1, 3, 4];[1, 3, 4]
363;[0, 2];[0, 2]
364;[3, 4];[1, 3, 4]
365;[1, 3, 4];[1, 3, 4]
366;[1, 3, 4];[1, 3, 4]
367;[1, 3, 4];[1, 3, 4]
368;[1, 3, 4];[1, 3, 4]
369;[2];[2]
370;[1, 3, 4];[1, 3, 4]
371;[1, 3, 4];[1, 3, 4]
372;[0, 2];[0, 2]
373;[2];[2]
374;[0];[0]
375;[0, 2];[0, 2]
376;[1, 4];[1, 4]
377;[1, 3, 4];[1, 3, 4]
378;[1, 3, 4];[1, 3, 4]
379;[1, 3, 4];[1, 3, 4]
380;[1, 3, 4];[1, 3, 4]
381;[1, 3, 4];[1, 3, 4]
382;[0, 2, 3];[0, 2, 3]
383;[1, 3, 4];[1, 3, 4]
384;[0, 2];[0, 2]
385;[0, 2];[0, 2]
386;[0, 2];[0, 2, 3]
387;[1, 4];[1, 4]
388;[1, 3, 4];[1, 3, 4]
389;[0, 2];[0, 2]
390;[1, 3, 4];[1, 3, 4]
391;[2];[0, 2, 3]
392;[1, 3, 4];[1, 3, 4]
393;[0, 2];[0, 2]
394;[1, 3, 4];[1, 3, 4]
395;[0, 2];[0, 2]
396;[1, 3, 4];[1, 3, 4]
397;[0, 2];[0, 2]
398;[1, 3, 4];[1, 3, 4]
399;[0, 2];[0, 2]
400;[1, 3, 4];[1, 3, 4]
401;[1, 3, 4];[1, 3, 4]
402;[1, 3, 4];[1, 3, 4]
403;[1, 3, 4];[1, 3, 4]
404;[0, 2];[0, 2]
405;[0, 2];[0, 2, 3]
406;[1, 3, 4];[1, 3, 4]
407;[1, 3, 4];[1, 3, 4]
408;[1, 3, 4];[1, 3, 4]
409;[1, 3, 4];[1, 3, 4]
410;[0, 2];[0, 2]
411;[1, 3, 4];[1, 3, 4]
412;[1, 2, 3, 4];[0, 2, 3, 4]
413;[1, 3, 4];[1, 3, 4]
414;[1, 3, 4];[1, 3, 4]
415;[0, 2];[0, 2]
416;[2];[0, 2]
417;[0];[0]
418;[0, 2];[0, 2]
419;[1, 3, 4];[1, 3, 4]
420;[1, 2, 3, 4];[0, 1, 2, 3, 4]
421;[1, 3, 4];[1, 3, 4]
422;[2];[2]
423;[1, 3, 4];[1, 3, 4]
424;[1, 4];[1, 4]
425;[0, 2];[0, 2]
426;[1, 3, 4];[1, 3, 4]
427;[1, 3, 4];[1, 3, 4]
428;[0];[0]
429;[1, 3, 4];[1, 3, 4]
430;[0];[0]
431;[0, 2];[0, 2]
432;[1, 3, 4];[1, 3, 4]
433;[0, 2];[0, 2]
434;[1, 3, 4];[1, 3, 4]
435;[3, 4];[1, 3, 4]
436;[2];[0, 2]
437;[1, 3, 4];[1, 3, 4]
438;[2];[2, 3]
439;[0, 2];[0, 2]
440;[1, 3, 4];[1, 3, 4]
441;[1, 3, 4];[1, 3, 4]
442;[0, 2];[0, 2]
443;[1, 3, 4];[1, 3, 4]
444;[1, 3, 4];[1, 3, 4]
445;[1, 4];[1, 4]
446;[1, 3, 4];[1, 3, 4]
447;[1, 3, 4];[1, 3, 4]
448;[0];[0]
449;[1, 3, 4];[1, 3, 4]
450;[2];[2]
451;[2];[0, 2, 3]
452;[0, 2];[0, 2, 3]
453;[0, 2];[0, 2]
454;[1, 3, 4];[1, 3, 4]
455;[1, 3, 4];[1, 3, 4]
456;[1, 3, 4];[1, 3, 4]
457;[0, 2];[0, 2]
458;[1, 2, 3, 4];[0, 1, 2, 3, 4]
459;[1, 3, 4];[1, 3, 4]
460;[1, 3, 4];[1, 3, 4]
461;[1, 4];[1, 4]
462;[1, 3, 4];[1, 3, 4]
463;[0];[0]
464;[1, 3, 4];[1, 3, 4]
465;[0, 2];[0, 2]
466;[0, 2];[0, 2]
467;[1, 3, 4];[1, 3, 4]
468;[1, 3, 4];[1, 3, 4]
469;[1, 3, 4];[1, 3, 4]
470;[1, 3, 4];[1, 3, 4]
471;[1, 3, 4];[1, 3, 4]
472;[1, 3, 4];[0, 1, 3, 4]
473;[1, 3, 4];[1, 3, 4]
474;[1, 3, 4];[1, 3, 4]
475;[0, 2];[0, 2]
476;[1, 3, 4];[1, 3, 4]
477;[1, 3, 4];[1, 3, 4]
478;[1, 3, 4];[1, 3, 4]
479;[2];[0, 2, 3]
480;[0, 2];[0, 2]
481;[1, 3, 4];[1, 3, 4]
482;[0, 1, 2, 3, 4];[0, 1, 2, 3, 4]
483;[1, 2, 3, 4];[1, 2, 3, 4]
484;[1, 3, 4];[1, 3, 4]
485;[2];[2, 3]
486;[0];[0]
487;[1, 3, 4];[1, 3, 4]
488;[0, 2];[0, 2, 3]
489;[1, 3, 4];[1, 3, 4]
490;[0, 2];[0, 2]
491;[1, 3, 4];[1, 3, 4]
492;[1, 3, 4];[1, 3, 4]
493;[2];[0, 2]
494;[0];[0]
495;[1, 3, 4];[1, 3, 4]
496;[1, 3, 4];[1, 3, 4]
497;[1, 3, 4];[1, 3, 4]
498;[1, 3, 4];[1, 3, 4]
499;[2];[2]
500;[1, 2, 3, 4];[0, 1, 2, 3, 4]
501;[1, 3, 4];[1, 3, 4]
502;[0, 2];[0, 2]
503;[0, 2];[0, 2]
504;[1, 3, 4];[1, 3, 4]
505;[1, 3, 4];[1, 3, 4]
506;[0, 2];[0, 2]
507;[1, 3, 4];[1, 3, 4]
508;[0, 2];[0, 2]
509;[1, 3, 4];[1, 3, 4]
510;[1, 3, 4];[1, 3, 4]
511;[0, 2];[0, 2]
512;[1, 3, 4];[1, 3, 4]
513;[0];[0]
514;[1, 3, 4];[1, 3, 4]
515;[0, 2];[0, 2]
516;[1, 4];[1, 4]
517;[1, 3, 4];[1, 3, 4]
518;[1, 3, 4];[1, 3, 4]
519;[2];[2]
520;[1, 3, 4];[1, 3, 4]
521;[1, 3, 4];[1, 3, 4]
522;[1, 3, 4];[1, 3, 4]
523;[0, 2];[0, 2]
524;[2];[2]
525;[1, 2, 3, 4];[1, 2, 3, 4]
526;[1, 3, 4];[1, 3, 4]
527;[0, 2];[0, 2]
528;[1, 3, 4];[1, 3, 4]
529;[2];[0, 2]
530;[1, 3, 4];[1, 3, 4]
531;[1, 3, 4];[1, 3, 4]
532;[0, 2];[0, 2]
533;[0, 2];[0, 2, 3]
534;[1, 3, 4];[1, 3, 4]
535;[1, 3, 4];[1, 3, 4]
536;[0, 2, 3];[0, 2, 3]
537;[0, 2];[0, 2]
538;[1, 3, 4];[1, 3, 4]
539;[1, 3, 4];[1, 3, 4]
540;[0, 2];[0, 2]
541;[1, 4];[1, 4]
542;[0, 2];[0, 2]
543;[0, 2];[0, 2, 3]
544;[1, 3, 4];[1, 3, 4]
545;[0, 2];[0, 2]
546;[2, 3, 4];[0, 1, 2, 3, 4]
547;[0, 2];[0, 2]
548;[0, 2];[0, 2]
549;[2];[2]
550;[1, 3, 4];[1, 3, 4]
551;[1, 3, 4];[1, 3, 4]
552;[0, 2];[0, 2]
553;[1, 3, 4];[1, 3, 4]
554;[0, 2];[0, 2]
555;[1, 3, 4];[1, 3, 4]
556;[1, 3, 4];[1, 3, 4]
557;[2, 3, 4];[0, 1, 2, 3, 4]
558;[0];[0]
559;[1, 3, 4];[1, 3, 4]
560;[2, 3];[0, 2, 3]
561;[1, 3, 4];[1, 3, 4]
562;[1, 3, 4];[1, 3, 4]
563;[0, 2];[0, 2]
564;[1, 3, 4];[1, 3, 4]
565;[2];[0, 2]
566;[1, 3, 4];[1, 3, 4]
567;[0, 2];[0, 2]
568;[0, 2];[0, 2]
569;[1, 3, 4];[1, 3, 4]
570;[0, 2];[0, 2]
571;[1, 3, 4];[1, 3, 4]
572;[1, 2, 3, 4];[0, 1, 2, 3, 4]
573;[1, 3, 4];[1, 3, 4]
574;[1, 3, 4];[1, 3, 4]
575;[1, 3, 4];[1, 3, 4]
576;[0, 2];[0, 2]
577;[2];[2]
578;[1, 3, 4];[1, 3, 4]
579;[1, 3, 4];[1, 3, 4]
580;[1, 4];[1, 4]
581;[0, 2];[0, 2]
582;[1, 3, 4];[1, 3, 4]
583;[1, 3, 4];[1, 2, 3, 4]
584;[0, 2];[0, 2]
585;[0, 2];[0, 2]
586;[1, 3, 4];[1, 3, 4]
587;[1, 3, 4];[1, 3, 4]
588;[0, 2];[0, 2]
589;[1, 3, 4];[1, 3, 4]
590;[2, 3];[2, 3, 4]
591;[1, 3, 4];[1, 3, 4]
592;[1];[1, 3]
593;[1, 3, 4];[1, 3, 4]
594;[0, 2];[0, 2, 3]
595;[1, 2, 3, 4];[1, 2, 3, 4]
596;[0];[0]
597;[0, 1, 2, 3, 4];[0, 1, 2, 3, 4]
598;[1, 2, 3, 4];[1, 2, 3, 4]
599;[1, 3, 4];[1, 3, 4]
600;[1, 3, 4];[1, 3, 4]
601;[0, 2];[0, 2]
602;[0, 2];[0, 2]
603;[1, 3, 4];[1, 3, 4]
604;[1, 3, 4];[1, 3, 4]
605;[0, 2];[0, 2]
606;[1, 3, 4];[1, 3, 4]
607;[1, 3, 4];[1, 3, 4]
608;[1, 3, 4];[1, 3, 4]
609;[1, 3, 4];[1, 3, 4]
610;[1, 4];[1, 4]
611;[0, 2];[0, 2]
612;[1, 4];[1, 4]
613;[2];[2]
614;[1];[1, 4]
615;[1, 3, 4];[1, 3, 4]
616;[1, 3, 4];[1, 3, 4]
617;[1, 3, 4];[1, 3, 4]
618;[0, 2];[0, 2]
619;[1, 3, 4];[1, 4]
620;[1, 3, 4];[1, 3, 4]
621;[1, 4];[1, 4]
622;[0, 2];[0, 2]
623;[1, 3, 4];[1, 3, 4]
624;[1, 3, 4];[1, 3, 4]
625;[1, 3, 4];[1, 3, 4]
626;[1, 3, 4];[1, 3, 4]
627;[1, 3, 4];[1, 3, 4]
628;[1, 3, 4];[1, 3, 4]
629;[1, 3, 4];[1, 3, 4]
630;[1, 3, 4];[1, 3, 4]
631;[0, 2];[0, 2, 3]
632;[0, 2];[0, 2]
633;[0, 2];[0, 2]
634;[1, 3, 4];[1, 3]
635;[1, 3, 4];[1, 3, 4]
636;[1, 3, 4];[1, 3, 4]
637;[0, 2];[0, 2]
638;[0, 2];[0, 2]
639;[2, 3, 4];[0, 1, 2, 3, 4]
640;[1, 3, 4];[1, 3, 4]
641;[0, 2];[0, 2]
642;[0];[0]
643;[2];[2]
644;[1, 3, 4];[1, 3, 4]
645;[0, 2];[0, 2]
646;[1, 3, 4];[1, 3, 4]
647;[1, 3, 4];[1, 3, 4]
648;[1, 3, 4];[1, 3, 4]
649;[1, 3, 4];[1, 3, 4]
650;[3];[2, 3]
651;[0, 2];[0, 2]
652;[1, 3, 4];[1, 3, 4]
653;[1, 3, 4];[1, 3, 4]
654;[1, 3, 4];[1, 3, 4]
655;[1, 3, 4];[1, 3, 4]
656;[1, 3, 4];[1, 3, 4]
657;[3, 4];[1, 3, 4]
658;[2];[2]
659;[2, 3, 4];[0, 1, 2, 3, 4]
660;[1, 3, 4];[1, 3, 4]
661;[1, 3, 4];[1, 3, 4]
662;[0, 2];[0, 2]
663;[0, 2];[0, 2]
664;[0, 2];[0, 2]
665;[1, 3, 4];[1, 3, 4]
666;[0, 2];[0, 2]
667;[0, 2];[0, 2]
668;[1, 3, 4];[1, 3, 4]
669;[1, 4];[1, 4]
670;[0, 2];[0, 2]
671;[1, 4];[1, 4]
672;[3, 4];[1, 3, 4]
673;[1, 3, 4];[1, 3, 4]
674;[1, 3, 4];[1, 3, 4]
675;[2];[2]
676;[1, 3, 4];[1, 3, 4]
677;[1, 3, 4];[1, 3, 4]
678;[0, 2, 3];[0, 2, 3]
679;[1, 3, 4];[1, 3, 4]
680;[0, 2];[0, 2]
681;[3, 4];[1, 3, 4]
682;[2, 3, 4];[2, 3, 4]
683;[1, 3, 4];[1, 3, 4]
684;[1, 3, 4];[1, 3, 4]
685;[3];[3, 4]
686;[2];[2]
687;[1, 3, 4];[1, 3, 4]
688;[1, 2, 3, 4];[0, 1, 2, 3, 4]
689;[0, 2];[0, 2]
690;[0, 2];[0, 2]
691;[1, 3, 4];[1, 3, 4]
692;[1, 2, 3, 4];[0, 1, 2, 4]
693;[0, 1, 2, 3, 4];[0, 1, 2, 3, 4]
694;[1, 3, 4];[1, 3, 4]
695;[1, 4];[1, 4]
696;[0, 2];[0, 2]
697;[2];[2]
698;[0];[0]
699;[0, 2];[0, 2]
700;[0, 1, 3, 4];[0, 1, 2, 3, 4]
701;[1, 3, 4];[1, 3, 4]
702;[1];[1]
703;[1, 3, 4];[1, 3, 4]
704;[1, 3, 4];[1, 3, 4]
705;[0, 2];[0, 2]
706;[1, 3, 4];[1, 3, 4]
707;[1, 3, 4];[1, 3, 4]
708;[1, 3, 4];[1, 3, 4]
709;[0];[0]
710;[3, 4];[1, 3, 4]
711;[0, 2];[0, 2]
712;[0, 2, 3];[0, 2, 3]
713;[1, 3, 4];[1, 3, 4]
714;[0, 2];[0, 2]
715;[1, 3, 4];[1, 3, 4]
716;[0, 2];[0, 2]
717;[0, 2];[0, 2]
718;[1, 3, 4];[1, 3, 4]
719;[1, 3, 4];[1, 3, 4]
720;[1, 3, 4];[1, 3, 4]
721;[1, 3, 4];[1, 3, 4]
722;[1, 3, 4];[1, 3, 4]
723;[0, 2];[0, 2]
724;[0, 2];[0, 2]
725;[0, 2];[0, 2]
726;[1, 3, 4];[1, 3, 4]
727;[2];[2]
728;[1, 2, 3, 4];[0, 1, 2, 3, 4]
729;[1, 4];[1, 4]
730;[2];[0, 2]
731;[2];[2]
732;[1, 3, 4];[1, 3, 4]
733;[1, 3, 4];[1, 3, 4]
734;[0];[0]
735;[1, 4];[1, 4]
736;[0, 2];[0, 2]
737;[2];[2]
738;[1, 3, 4];[1, 3, 4]
739;[1, 3, 4];[1, 3, 4]
740;[0, 2];[0, 2]
741;[1, 3, 4];[1, 3, 4]
742;[0, 2];[0, 2]
743;[1, 2, 3, 4];[0, 1, 2, 3, 4]
744;[1, 3, 4];[1, 3, 4]
745;[1, 3, 4];[1, 3, 4]
746;[1, 4];[1, 4]
747;[1, 3, 4];[1, 3, 4]
748;[1, 3, 4];[1, 3, 4]
749;[2];[2]
750;[1, 3, 4];[1, 3, 4]
751;[0, 2];[0, 2]
752;[1, 3, 4];[1, 3, 4]
753;[1, 3, 4];[1, 3, 4]
754;[0, 2];[0, 2]
755;[1, 3, 4];[1, 3, 4]
756;[2];[2, 3]
757;[0, 1, 3, 4];[0, 1, 3, 4]
758;[1, 3, 4];[1, 3, 4]
759;[1, 3, 4];[1, 3, 4]
760;[0, 1, 2, 3, 4];[0, 1, 2, 3, 4]
761;[0, 2];[0, 2, 3]
762;[1, 3, 4];[1, 3, 4]
763;[1, 3, 4];[1, 3, 4]
764;[1, 3, 4];[1, 2, 3, 4]
765;[0, 2];[0, 2]
766;[1, 2, 3, 4];[0, 1, 2, 3, 4]
767;[1, 3, 4];[0, 1, 3, 4]
768;[0, 2];[0, 2]
769;[0, 1, 3];[0, 1, 2, 3, 4]
770;[0, 2];[0, 2, 3]
771;[0];[0]
772;[2];[2]
773;[0, 2];[0, 2]
774;[1];[1, 4]
775;[1, 3, 4];[1, 3, 4]
776;[0, 2];[0, 2]
777;[0, 2];[0, 2]
778;[1, 3, 4];[1, 3, 4]
779;[0, 2];[0, 2, 3]
780;[3, 4];[3, 4]
781;[0, 2];[0, 2]
782;[0, 2];[0, 2]
783;[0, 2];[2]
784;[0];[0]
785;[0, 2];[0, 2]
786;[1, 2, 3, 4];[0, 1, 2, 3, 4]
787;[1, 3, 4];[1, 3, 4]
788;[3, 4];[1, 3, 4]
789;[0, 2];[0, 2]
790;[1, 3, 4];[1, 3, 4]
791;[0, 2];[0, 2]
792;[2];[2]
793;[0, 2];[0, 2]
794;[0, 2];[0, 2]
795;[1, 3, 4];[1, 3, 4]
796;[0];[0]
797;[1, 3, 4];[1, 3, 4]
798;[0];[0]
799;[1, 3, 4];[1, 3, 4]
800;[0, 1, 3];[0, 1, 2, 3]
801;[1, 3, 4];[1, 3]
802;[0, 2];[0, 2]
803;[1, 3, 4];[1, 3, 4]
804;[0, 1, 3, 4];[0, 1, 2, 3, 4]
805;[1, 3, 4];[1, 3, 4]
806;[1, 3, 4];[1, 3, 4]
807;[1, 3, 4];[0, 1, 3, 4]
808;[1, 3, 4];[1, 3, 4]
809;[1, 3, 4];[1, 3, 4]
810;[1, 3, 4];[1, 3, 4]
811;[0, 2];[0, 2]
812;[0, 2];[0, 2]
813;[0, 2];[0, 2, 3]
814;[1, 3, 4];[1, 3, 4]
815;[0, 2];[0, 2]
816;[3, 4];[1, 3, 4]
817;[0, 2];[0, 2]
818;[1, 3, 4];[1, 3, 4]
819;[2];[0, 2]
820;[1, 3, 4];[1, 3, 4]
821;[1, 3, 4];[1, 3, 4]
822;[1, 3, 4];[1, 3, 4]
823;[2];[0, 2]
824;[3, 4];[1, 3, 4]
825;[1, 4];[1, 4]
826;[1, 3, 4];[1, 3, 4]
827;[0, 2];[0, 2]
828;[1, 4];[1, 3, 4]
829;[0, 2];[0, 2]
830;[0, 2];[0, 2]
831;[0, 2, 3];[0, 1, 2, 3]
832;[1, 3, 4];[1, 3, 4]
833;[1, 3, 4];[1, 3, 4]
834;[1, 3, 4];[1, 3, 4]
835;[1, 3, 4];[1, 3, 4]
836;[1, 3, 4];[1, 3, 4]
837;[1, 3, 4];[1, 3, 4]
838;[1, 3, 4];[1, 3, 4]
839;[0, 2, 3];[0, 2, 3]
840;[0, 2];[0, 2]
841;[1, 3, 4];[1, 3, 4]
842;[0, 2];[0, 2]
843;[1, 3, 4];[1, 3, 4]
844;[1, 3, 4];[1, 3, 4]
845;[1, 3, 4];[1, 3, 4]
846;[1, 3, 4];[1, 3, 4]
847;[4];[1, 3, 4]
848;[1, 3, 4];[1, 3, 4]
849;[1];[1]
850;[1, 3, 4];[1, 3, 4]
851;[2];[2]
852;[2, 3];[2, 3]
853;[1, 3, 4];[1, 3, 4]
854;[1, 3, 4];[1, 3, 4]
855;[1, 3, 4];[1, 3, 4]
856;[1, 3, 4];[1, 3, 4]
857;[1, 3, 4];[1, 3, 4]
858;[1, 3, 4];[1, 3, 4]
859;[1, 3, 4];[1, 3, 4]
860;[1, 3, 4];[1, 3, 4]
861;[1, 3, 4];[0, 1, 3, 4]
862;[1, 3, 4];[1, 3, 4]
863;[0];[0]
864;[0];[0]
865;[0];[0]
866;[1, 3, 4];[0, 1, 3, 4]
867;[1, 3, 4];[1, 3, 4]
868;[0, 2];[0, 2]
869;[1, 3, 4];[1, 3, 4]
870;[1, 3, 4];[1, 3, 4]
871;[1, 3, 4];[1, 3, 4]
872;[1, 3, 4];[1, 3, 4]
873;[0, 2];[0, 2]
874;[1, 3, 4];[1, 3, 4]
875;[0, 2];[0, 2]
876;[1, 3, 4];[1, 3, 4]
877;[1, 3, 4];[1, 3, 4]
878;[0, 2];[0, 2]
879;[0];[0]
880;[0, 1, 3, 4];[0, 1, 2, 3, 4]
881;[0, 2];[0, 2]
882;[1, 3, 4];[1, 3, 4]
883;[0, 2];[0, 2, 3]
884;[2];[2]
885;[1, 3, 4];[1, 3, 4]
886;[0, 2];[0, 2]
887;[0, 2];[0, 2]
888;[3, 4];[1, 3, 4]
889;[1, 3, 4];[1, 3, 4]
890;[0, 2];[0, 2, 3]
891;[2];[2]
892;[1, 3, 4];[1, 3, 4]
893;[1, 3, 4];[1, 3, 4]
894;[1, 3, 4];[1, 3, 4]
895;[1, 3, 4];[1, 3, 4]
896;[2];[2]
897;[0, 2];[0, 2]
898;[1, 3, 4];[1, 3, 4]
899;[0, 2];[0, 2]
900;[1, 3, 4];[1, 3, 4]
901;[0];[0]
902;[2];[2]
903;[0, 1, 2, 3];[0, 1, 2, 3, 4]
904;[1, 4];[1, 3, 4]
905;[1, 3, 4];[1, 3, 4]
906;[1, 4];[1, 4]
907;[3, 4];[1, 3, 4]
908;[0, 2];[0, 2]
909;[1, 2, 3, 4];[0, 1, 2, 3, 4]
910;[0, 2];[0, 2]
911;[0];[0]
912;[1, 3, 4];[1, 3, 4]
913;[1, 3, 4];[1, 3, 4]
914;[0, 2];[0, 2]
915;[0, 2];[0, 2]
916;[2];[2]
917;[1, 3, 4];[1, 3, 4]
918;[1, 3, 4];[1, 3, 4]
919;[0, 2, 3];[0, 2, 3]
920;[1, 3, 4];[1, 3, 4]
921;[1, 3, 4];[1, 3, 4]
922;[0, 2, 3];[0, 2, 3]
923;[1, 3, 4];[1, 3, 4]
924;[1, 3, 4];[1, 3, 4]
925;[2];[2]
926;[1, 3, 4];[1, 3, 4]
927;[0, 2];[0, 2]
928;[0];[0]
929;[0];[0]
930;[1, 3, 4];[1, 3, 4]
931;[0, 2];[0, 2]
932;[2, 3];[2, 3]
933;[1, 3, 4];[1, 3, 4]
934;[1, 3, 4];[1, 3, 4]
935;[1, 3, 4];[1, 3, 4]
936;[0, 2];[0, 2]
937;[1, 3, 4];[1, 3, 4]
938;[1, 3, 4];[1, 3, 4]
939;[1, 3, 4];[1, 3, 4]
940;[1, 3, 4];[1, 3, 4]
941;[0];[0]
942;[2];[2]
943;[0, 2];[0, 2]
944;[1, 3, 4];[1, 3, 4]
945;[1, 3, 4];[1, 3, 4]
946;[1, 3, 4];[1, 3, 4]
947;[0];[0]
948;[1, 3, 4];[1, 3, 4]
949;[0, 2];[0, 2]
950;[1, 3, 4];[1, 3, 4]
951;[1, 3, 4];[1, 3, 4]
952;[1, 3, 4];[1, 3, 4]
953;[0, 2];[0, 2]
954;[0, 2];[0, 2]
955;[1, 3, 4];[1, 3, 4]
956;[1, 3, 4];[1, 3, 4]
957;[0, 2];[0, 2]
958;[1, 3, 4];[1, 3, 4]
959;[1, 3, 4];[1, 3, 4]
960;[2];[2]
961;[0, 2];[0, 2]
962;[1, 3, 4];[1, 3, 4]
963;[0, 2];[0, 2]
964;[0, 1, 2, 3, 4];[0, 1, 2, 3]
965;[0, 2];[0, 2]
966;[0, 2];[0, 2]
967;[0, 2];[0, 2]
968;[1, 3, 4];[1, 3, 4]
969;[1, 3, 4];[1, 3, 4]
970;[1, 3, 4];[1, 3, 4]
971;[0, 2];[0, 2]
972;[1, 4];[1, 4]
973;[1, 3, 4];[1, 3, 4]
974;[1, 3, 4];[1, 3, 4]
975;[1, 3, 4];[1, 3, 4]
976;[1, 3, 4];[1, 3, 4]
977;[0, 2];[0, 2]
978;[1, 3, 4];[1, 3, 4]
979;[0];[0]
980;[1, 3];[1, 3, 4]
981;[1, 3, 4];[1, 3, 4]
982;[0, 2];[0, 2]
983;[0];[0]
984;[1, 3, 4];[1, 3, 4]
985;[3, 4];[1, 3, 4]
986;[1, 3, 4];[1, 3, 4]
987;[1, 3, 4];[1, 3, 4]
988;[1, 3, 4];[1, 3, 4]
989;[1, 3, 4];[1, 3, 4]
990;[2, 3, 4];[2, 3, 4]
991;[1, 4];[1, 4]
992;[1, 2, 3, 4];[1, 2, 3, 4]
993;[0, 2];[0, 2]
994;[1, 3, 4];[1, 3, 4]
995;[1, 3, 4];[1, 3, 4]
996;[1, 3, 4];[1, 3, 4]
997;[1, 3, 4];[1, 3, 4]
998;[1, 3, 4];[1, 3, 4]
999;[1, 3, 4];[1, 3, 4]
1000;[1, 3, 4];[1, 3, 4]
1001;[1, 3, 4];[3, 4]
1002;[0, 2];[0, 2]
1003;[0];[0]
1004;[1, 4];[1, 4]
1005;[1, 3, 4];[1, 3, 4]
1006;[0];[0]
1007;[0, 2];[0, 2]
1008;[1, 3, 4];[1, 3, 4]
1009;[1, 3, 4];[1, 3, 4]
1010;[0, 2];[0, 2]
1011;[1, 3, 4];[1, 3, 4]
1012;[0, 2];[0, 2]
1013;[0, 2];[0, 2]
1014;[2];[2]
1015;[1, 3, 4];[1, 3, 4]
1016;[1, 3, 4];[1, 3, 4]
1017;[0, 2];[0, 2]
1018;[3];[4]
1019;[1, 3, 4];[1, 3, 4]
1020;[1, 4];[1, 4]
1021;[0, 2];[0, 2]
1022;[1, 3, 4];[1, 3, 4]
1023;[2, 3];[0, 2, 3]
1024;[1, 3, 4];[1, 3, 4]
1025;[2];[2]
1026;[0];[0]
1027;[1, 4];[1, 3, 4]
1028;[1, 3, 4];[1, 3, 4]
1029;[0, 2];[0, 2]
1030;[1, 3, 4];[1, 3, 4]
1031;[1, 3, 4];[1, 3, 4]
1032;[0, 2];[0, 2]
1033;[0, 2];[0, 2]
1034;[0, 2];[0, 2]
1035;[0];unknwon
1036;[1, 3, 4];[1, 3, 4]
1037;[1, 3, 4];[1, 3, 4]
1038;[1, 3, 4];[1, 3, 4]
1039;[0, 2];[0, 2]
1040;[2, 3];[2, 3]
1041;[1, 3, 4];[1, 3, 4]
1042;[1, 3, 4];[1, 3, 4]
1043;[1, 3, 4];[1, 3, 4]
1044;[1, 2, 3, 4];[0, 1, 2, 4]
1045;[0, 2, 3];[0, 2]
1046;[1, 3, 4];[1, 3, 4]
1047;[1];[1]
1048;[1, 3, 4];[4]
1049;[1, 3, 4];[1, 3, 4]
1050;[2, 3, 4];[2, 3, 4]
1051;[0];[0]
1052;[0, 2];[0, 2]
1053;[0, 2];[0, 2]
1054;[1, 4];[1, 4]
1055;[2, 3];[2, 3]
1056;[1, 3, 4];[1, 3, 4]
1057;[1, 3, 4];[1, 3, 4]
1058;[0, 2];[0, 2]
1059;[0, 2];[0, 2]
1060;[0, 2];[0, 2]
1061;[1, 4];[1, 4]
1062;[1, 4];[1, 4]
1063;[1, 3, 4];[1, 3, 4]
1064;[1, 3, 4];[1, 3, 4]
1065;[1, 3, 4];[1, 3, 4]
1066;[1, 4];[1, 4]
1067;[2];[0, 2]
1068;[1, 3, 4];[1, 3, 4]
1069;[0, 2];[0, 2]
1070;[0, 2];[0, 2]
1071;[0, 2];[0, 2]
1072;[1, 3, 4];[1, 3, 4]
1073;[1, 3, 4];[1, 3, 4]
1074;[0, 2];[0, 2]
1075;[0, 2];[0, 2]
1076;[1, 3, 4];[1, 3, 4]
1077;[1, 3, 4];[1, 3, 4]
1078;[1, 3, 4];[1, 3, 4]
1079;[0, 2];[0, 2]
1080;[1, 3, 4];[1, 3, 4]
1081;[1, 3, 4];[1, 3, 4]
1082;[0, 2];[0, 2]
1083;[1, 3, 4];[1, 3, 4]
1084;[1, 3, 4];[1, 3, 4]
1085;[2];[0, 2]
1086;[1, 3, 4];[1, 3, 4]
1087;[1, 3, 4];[1, 3, 4]
1088;[2, 3];[2, 3]
1089;[0];[0]
1090;[0];[0]
1091;[1, 3, 4];[1, 3, 4]
1092;[0, 2];[0, 2]
1093;[1, 3, 4];[0, 1, 3, 4]
1094;[2];[2]
1095;[1, 3, 4];[1, 3, 4]
1096;[0, 2];[0, 2]
1097;[2];[2]
1098;[2];[2]
1099;[1, 3, 4];[1, 3, 4]
1100;[1, 3, 4];[1, 3, 4]
1101;[0, 2];[0, 2]
1102;[1, 3, 4];[1, 3, 4]
1103;[1, 3, 4];[3, 4]
1104;[1, 3, 4];[1, 3, 4]
1105;[1, 3, 4];[1, 3, 4]
1106;[0, 2];[0, 2]
1107;[1, 3, 4];[1, 3, 4]
1108;[1];[1, 4]
1109;[0];[0]
1110;[1, 3, 4];[1, 3, 4]
1111;[1, 3, 4];[3, 4]
1112;[3, 4];[1, 3]
1113;[1, 3, 4];[1, 3, 4]
1114;[0, 2];[0, 2]
1115;[0, 2];[0, 2]
1116;[0, 2];[0, 2]
1117;[0, 2];[0, 2]
1118;[1, 3, 4];[1, 3, 4]
1119;[0, 2];[0, 2]
1120;[1, 3, 4];[1, 3, 4]
1121;[0, 2];[0, 2]
1122;[1, 3, 4];[1, 3, 4]
1123;[1, 3, 4];[1, 3, 4]
1124;[0, 2];[0, 2]
1125;[1, 2, 3, 4];[1, 3, 4]
1126;[2];[2]
1127;[0, 2];[0, 2]
1128;[1, 3, 4];[1, 3, 4]
1129;[0, 2];[0]
1130;[1, 3, 4];[1, 3, 4]
1131;[1, 3, 4];[0, 1, 3, 4]
1132;[2];[2, 3]
1133;[1, 3, 4];[1, 3, 4]
1134;[1, 3, 4];[1, 3, 4]
1135;[1, 3, 4];[1, 3, 4]
1136;[1, 3, 4];[1, 3, 4]
1137;[0, 2];[0, 2]
1138;[1, 3, 4];[3, 4]
1139;[1, 3, 4];[1, 3, 4]
1140;[0, 2];[0, 2]
1141;[1, 3, 4];[1, 3, 4]
1142;[2, 3];[2, 3]
1143;[0, 2];[0]
1144;[1, 3, 4];[1, 3, 4]
1145;[1, 3, 4];[1, 3, 4]
1146;[0];[0]
1147;[1, 3, 4];[1, 3, 4]
1148;[0];unknwon
1149;[0, 2, 3];[0, 2, 3, 4]
1150;[1, 3, 4];[1, 3, 4]
1151;[1, 3, 4];[1, 3, 4]
1152;[1, 2, 3, 4];[1, 3, 4]
1153;[2];[2]
1154;[1, 3, 4];[1, 3, 4]
1155;[1, 3, 4];[1, 3, 4]
1156;[0, 2];[0, 2]
1157;[1, 3, 4];[1, 3, 4]
1158;[1, 3, 4];[1, 3, 4]
1159;[0, 2];[2]
1160;[1, 3, 4];[1, 4]
1161;[1, 3, 4];[1, 3, 4]
1162;[0, 2];[0, 2]
1163;[0, 2];[0, 2]
1164;[1, 3, 4];[1, 3, 4]
1165;[1, 3, 4];[1, 3, 4]
1166;[1, 3, 4];[3, 4]
1167;[2];[2]
1168;[1, 3, 4];[1, 3, 4]
1169;[1, 3, 4];[3, 4]
1170;[0, 2];[0, 2]
1171;[2];[2]
1172;[1, 3, 4];[1, 3, 4]
1173;[1, 3, 4];[3, 4]
1174;[1, 3, 4];[1, 3, 4]
1175;[0, 1, 2, 3, 4];[1, 3, 4]
1176;[0, 2];[0, 2]
1177;[1, 3, 4];[1, 3, 4]
1178;[1, 3, 4];[1, 3, 4]
1179;[1, 3, 4];[1, 3, 4]
1180;[1, 3, 4];[1, 3, 4]
1181;[0, 2];[0, 2]
1182;[0, 2];[0, 2]
1183;[4];[1, 3, 4]
1184;[1, 3, 4];[1, 3, 4]
1185;[0, 1, 3];[0, 1, 3, 4]
1186;[2];[2]
1187;[0, 2];[0, 2]
1188;[1, 3, 4];[1, 3, 4]
1189;[1, 3, 4];[1, 3, 4]
1190;[1, 4];[1, 4]
1191;[0, 2];[0, 2]
1192;[3];unknwon
1193;[0];[0, 2]
1194;[0];[0]
1195;[1, 4];[1, 4]
1196;[2];unknwon
1197;[3, 4];[3, 4]
1198;[1, 3, 4];[1, 3, 4]
1199;[3, 4];[1, 3]
1200;[1, 3, 4];[1, 3, 4]
1201;[1, 3, 4];[1, 3, 4]
1202;[1, 3, 4];[1, 3, 4]
1203;[1, 2, 3, 4];[0, 1, 2, 3, 4]
1204;[1, 3, 4];[1, 3, 4]
1205;[0, 2];[0]
1206;[1, 2, 3, 4];[0, 2, 4]
1207;[0, 2];[0, 2]
1208;[1, 3, 4];[1, 3, 4]
1209;[1, 3, 4];[3, 4]
1210;[0, 2];[0, 2]
1211;[1, 4];[1, 4]
1212;[2];[0, 2]
1213;[1, 3, 4];[1, 3, 4]
1214;[3, 4];[1, 3, 4]
1215;[1, 4];[1, 4]
1216;[1, 3, 4];[1, 3]
1217;[1, 2, 3, 4];[1, 2, 3, 4]
1218;[1, 3, 4];[1, 3, 4]
1219;[1, 3, 4];[1, 3, 4]
1220;[0, 2];[0, 2]
1221;[1, 3, 4];[1, 3, 4]
1222;[1, 4];[1, 3, 4]
1223;[0, 2, 3];[0, 2, 3]
1224;[1, 4];[1, 4]
1225;[0, 2, 3];[0, 2, 3]
1226;[0, 2];[0, 2]
1227;[1, 3, 4];[1, 3]
1228;[0, 1, 3];[0, 1, 3, 4]
1229;[1, 2, 3, 4];[1, 2, 3, 4]
1230;[1, 3, 4];[1, 3, 4]
1231;[1];unknwon
1232;[0, 2];[0, 2]
1233;[0];[0]
1234;[2];[2]
1235;[2];[2]
1236;[0, 2];[0, 2]
1237;[1, 3, 4];[1, 3, 4]
1238;[1, 3, 4];[1, 3, 4]
1239;[0, 2];[0, 2]
1240;[0, 2];[0, 2]
1241;[3, 4];[3, 4]
1242;[1, 3, 4];[1, 3, 4]
1243;[1, 3, 4];[1, 3, 4]
1244;[1, 3, 4];[1, 3, 4]
1245;[0, 2];[0, 2]
1246;[1, 3, 4];[1, 3, 4]
1247;[1, 3, 4];[1, 3, 4]
1248;[0, 2];[0, 2]
1249;[0, 2];[0, 2]
1250;[1, 3, 4];[1, 3, 4]
1251;[1, 3, 4];[1, 3, 4]
1252;[1, 3, 4];[1, 3, 4]
1253;[1, 3, 4];[1, 3, 4]
1254;[2, 3];[2, 3]
1255;[1, 3, 4];[1, 4]
1256;[0];[0]
1257;[3, 4];[1, 3, 4]
1258;[3, 4];[1, 3]
1259;[1, 3, 4];[1, 3, 4]
1260;[1, 3, 4];[1, 3, 4]
1261;[2];[2]
1262;[1, 3, 4];[1, 3, 4]
1263;[1, 3, 4];[1, 3, 4]
1264;[1, 3, 4];[1, 3, 4]
1265;[1, 3, 4];[1, 3, 4]
1266;[0, 2];[0, 2, 3]
1267;[0, 2];[0, 2]
1268;[1, 3, 4];[1, 3, 4]
1269;[0, 2];[0, 2]
1270;[1, 4];[1, 3, 4]
1271;[1, 3, 4];[1, 3, 4]
1272;[2];[2]
1273;[2, 3, 4];[2, 3, 4]
1274;[1, 3, 4];[1, 3, 4]
1275;[2, 3];[2, 3]
1276;[1, 3, 4];[1, 3, 4]
1277;[0, 2, 3];[0, 2, 3]
1278;[1, 3, 4];[1, 3, 4]
1279;[1, 3, 4];[1, 3, 4]
1280;[2];[2, 3]
1281;[1, 3, 4];[1, 3, 4]
1282;[1, 3, 4];[1, 3, 4]
1283;[0, 2];[0, 2]
1284;[1, 4];[1, 4]
1285;[3, 4];[1, 3, 4]
1286;[1, 4];[1, 4]
1287;[0];[0]
1288;[1, 3, 4];[1, 3, 4]
1289;[1, 3, 4];[1, 3, 4]
1290;[0];[0]
1291;[0, 2];[0, 2]
1292;[1, 3, 4];[1, 3, 4]
1293;[0, 2];[0, 2]
1294;[1, 3, 4];[1, 3, 4]
1295;[0, 2];[0, 2]
1296;[0];[0]
1297;[0, 2];[0, 2]
1298;[0, 2];[0, 2]
1299;[0, 2];[0, 2]
1300;[1, 3, 4];[1, 3, 4]
1301;[1, 3, 4];[1, 3, 4]
1302;[1, 3, 4];[1, 3, 4]
1303;[0, 2];[0, 2]
1304;[2];[2]
1305;[1, 3, 4];[1, 3, 4]
1306;[1, 3, 4];[1, 3, 4]
1307;[0, 2];[0, 2]
1308;[1, 3, 4];[1, 3, 4]
1309;[1, 3, 4];[1, 3, 4]
1310;[1, 3, 4];[1, 3]
1311;[0];unknwon
1312;[1, 3, 4];[1, 3, 4]
1313;[1, 3, 4];[1, 3, 4]
1314;[1, 4];[1, 3, 4]
1315;[3];[3, 4]
1316;[0, 2];[0, 2]
1317;[1, 3, 4];[1, 3, 4]
1318;[1, 3, 4];[1, 3, 4]
1319;[1, 3, 4];[1, 3, 4]
1320;[1, 3, 4];[1, 3, 4]
1321;[1, 3, 4];[1, 3, 4]
1322;[1, 3, 4];[1, 3, 4]
1323;[1, 3, 4];[1, 3, 4]
1324;[1];[1]
1325;[0, 2];[0, 2]
1326;[1, 3, 4];[1, 3, 4]
1327;[2];[2]
1328;[0, 2];[0, 2]
1329;[1, 3, 4];[1, 3, 4]
1330;[1, 3, 4];[1, 3, 4]
1331;[0];[0]
1332;[1, 3, 4];[1, 3, 4]
1333;[0, 2];[0, 2, 3]
1334;[1, 3, 4];[1, 3, 4]
1335;[1, 3, 4];[1, 3, 4]
1336;[0, 1, 2, 3, 4];[0, 1, 2, 3, 4]
1337;[0];[0, 2]
1338;[1, 3, 4];[1, 3]
1339;[1, 3, 4];[1, 3, 4]
1340;[0];[0, 2]
1341;[2];[2]
1342;[0, 2];[0, 2]
1343;[0, 1, 3];[0, 1, 3, 4]
1344;[1, 3, 4];[1, 3, 4]
1345;[0];[0]
1346;[0, 2];[0, 2]
1347;[1, 3, 4];[1, 3, 4]
1348;[0, 2];[0, 2]
1349;[1, 3, 4];[1, 3, 4]
1350;[0, 2];[0, 2]
1351;[0, 2];[0, 2]
1352;[1, 3, 4];[1, 3, 4]
1353;[3, 4];[1, 3]
1354;[1, 3, 4];[1, 3, 4]
1355;[0, 2];[0, 2]
1356;[1, 3, 4];[1, 3, 4]
1357;[1, 3, 4];[1, 3, 4]
1358;[1, 3, 4];[1, 3, 4]
1359;[3, 4];[1, 3]
1360;[1, 3, 4];[1, 3, 4]
1361;[1, 3, 4];[1, 3, 4]
1362;[0];[0]
1363;[1, 3, 4];[1, 3, 4]
1364;[0, 2];[0, 2]
1365;[0, 2];[0, 2]
1366;[0, 2];[0, 2]
1367;[1, 3, 4];[1, 3, 4]
1368;[0, 2];[0, 2]
1369;[1, 3, 4];[1, 3, 4]
1370;[0, 2, 3];[0, 2, 3]
1371;[0, 2];[0, 2]
1372;[1, 3, 4];[1, 3, 4]
1373;[0, 2];[0, 2]
1374;[1, 3, 4];[1, 3, 4]
1375;[1, 3, 4];[1, 3, 4]
1376;[1, 3, 4];[3, 4]
1377;[1, 3, 4];[1, 3, 4]
1378;[1, 3, 4];[1, 3, 4]
1379;[1, 3, 4];[1, 3, 4]
1380;[1, 3, 4];[0, 1, 3, 4]
1381;[0, 2];[0, 2]
1382;[0, 2];[0, 2]
1383;[0, 2, 3];[0, 2, 3]
1384;[3];unknwon
1385;[1, 3, 4];[1, 3, 4]
1386;[0];[0]
1387;[0, 2];[0, 2]
1388;[1, 3, 4];[1, 3, 4]
1389;[0, 2];[0, 2]
1390;[1, 3, 4];[1, 3, 4]
1391;[0, 2];[0, 2]
1392;[0, 2];[0, 2]
1393;[1, 3, 4];[1, 3, 4]
1394;[1, 3, 4];[1, 3, 4]
1395;[1, 2, 3, 4];[1, 2, 3, 4]
1396;[0, 2];[0]
1397;[1, 3, 4];[1, 3, 4]
1398;[0, 2];[0, 2]
1399;[1, 3, 4];[1, 3, 4]
1400;[1, 3, 4];[1, 3, 4]
1401;[0, 2];[0, 2]
1402;[0, 1, 2, 3, 4];[0, 1, 2, 4]
1403;[1, 3, 4];[1, 3, 4]
1404;[0];[0]
1405;[1, 3, 4];[1, 3, 4]
1406;[1, 3, 4];[1, 3]
1407;[0];[0]
1408;[1, 3, 4];[1, 3, 4]
1409;[0, 2];[0, 2]
1410;[1, 3, 4];[1, 3, 4]
1411;[1, 3, 4];[1, 3, 4]
1412;[0, 2];[0, 2]
1413;[1, 3, 4];[1, 3, 4]
1414;[1, 3, 4];[1, 3, 4]
1415;[0, 2, 3];[0, 2, 3]
1416;[1, 3, 4];[3, 4]
1417;[0, 2];[0, 2]
1418;[0];[0, 2]
1419;[0, 1, 2, 3];[0, 1, 2, 3, 4]
1420;[0, 1, 3];[0, 1, 3, 4]
1421;[1, 3, 4];[1, 3, 4]
1422;[1, 3, 4];[1, 3, 4]
1423;[1, 3, 4];[3, 4]
1424;[0];[0]
1425;[2, 3];[2, 3]
1426;[1, 4];[1, 3, 4]
1427;[1, 3, 4];[1, 3, 4]
1428;[0, 2];[0, 2]
1429;[1, 3, 4];[1, 3, 4]
1430;[0, 2];[0, 2]
1431;[0, 2, 3];[0, 3]
1432;[1, 3, 4];[1, 3, 4]
1433;[2];[2]
1434;[1, 3, 4];[1, 3, 4]
1435;[1, 3, 4];[1, 3, 4]
1436;[1, 2, 3, 4];[0, 1, 2, 3, 4]
1437;[0, 2];[0, 2]
1438;[2];[2]
1439;[2];[2]
1440;[1, 3, 4];[1, 3, 4]
1441;[1, 3, 4];[1, 3, 4]
1442;[1, 3, 4];[1, 3]
1443;[1, 3, 4];[1, 3, 4]
1444;[1, 4];[1, 3, 4]
1445;[0];[0]
1446;[1, 3, 4];[1, 3, 4]
1447;[0, 2];[0, 2]
1448;[1, 3, 4];[1, 3, 4]
1449;[1, 3, 4];[1, 2, 3, 4]
1450;[0, 2];[0, 2]
1451;[1, 3, 4];[1, 3, 4]
1452;[0, 2];[0, 2]
1453;[0];[0]
1454;[0, 1, 2, 3, 4];[0, 1, 2, 3, 4]
1455;[0];[0]
1456;[1, 3, 4];[1, 2, 3, 4]
1457;[0, 2];[0, 2]
1458;[2];[2]
1459;[0, 2];[0, 2]
1460;[0, 2];[0, 2]
1461;[1, 3, 4];[1, 3, 4]
1462;[3, 4];[1, 3]
1463;[1, 4];[1, 4]
1464;[2];[2]
1465;[1, 4];[1]
1466;[1, 3, 4];[1, 3, 4]
1467;[0, 2];[0, 2]
1468;[1, 3, 4];[1, 3, 4]
1469;[1, 3, 4];[1, 3]
1470;[1, 3, 4];[1, 3, 4]
1471;[0, 2, 3];[0, 2, 3, 4]
1472;[1, 3, 4];[1, 3, 4]
1473;[0];[0]
1474;[1, 3, 4];[1, 3, 4]
1475;[0, 2];[0, 2]
1476;[0, 1, 2, 3, 4];[0, 1, 2, 3, 4]
1477;[1, 3, 4];[1, 3, 4]
1478;[0, 2];[0, 2]
1479;[0, 2];[0, 2]
1480;[1, 3, 4];[1, 3, 4]
1481;[1, 4];[1, 4]
1482;[2];unknwon
1483;[1, 3, 4];[1, 3, 4]
1484;[1, 3, 4];[1, 3, 4]
1485;[1, 3, 4];[1, 3, 4]
1486;[0, 2];[0, 2]
1487;[0];[0, 2]
1488;[1, 3, 4];[1, 3, 4]
1489;[1, 3, 4];[1, 3, 4]
1490;[1, 3, 4];[1, 3, 4]
1491;[1, 3, 4];[1, 3, 4]
1492;[0, 1, 2, 3, 4];[0, 1, 2, 3, 4]
1493;[0];[0]
1494;[1, 3, 4];[1, 3, 4]
1495;[0];[0]
1496;[0];[0]
1497;[1, 3, 4];[1, 3, 4]
1498;[1, 3, 4];[1, 3, 4]
1499;[0, 2];[0, 2]
1500;[0];[0]
1501;[1, 3, 4];[1, 3, 4]
1502;[1, 4];[1, 3, 4]
1503;[1, 3, 4];[1, 3, 4]
1504;[1, 3, 4];[1, 3, 4]
1505;[1, 3, 4];[1, 3, 4]
1506;[1, 4];[1, 4]
1507;[1, 3, 4];[1, 3, 4]
1508;[0];[0]
1509;[1, 3, 4];[3, 4]
1510;[2];[2]
1511;[0, 2];[0, 2]
1512;[1, 3, 4];[1, 3, 4]
1513;[0, 2];[0, 2]
1514;[1, 3, 4];[1, 3, 4]
1515;[1, 3, 4];[1, 3, 4]
1516;[2];[2]
1517;[0, 2];[0, 2]
1518;[0, 2];[0, 2]
1519;[1, 3, 4];[1, 3, 4]
1520;[0, 2];[0, 2]
1521;[1, 3, 4];[1, 3, 4]
1522;[0, 2];[0, 2, 3]
1523;[1, 3, 4];[1, 4]
1524;[1, 3, 4];[1, 3, 4]
1525;[1, 3, 4];[1, 3, 4]
1526;[0, 2];[0, 2]
1527;[0, 2, 3];[0, 2]
1528;[0, 2];[0, 2]
1529;[1, 3, 4];[1, 3, 4]
1530;[2];[2]
1531;[1, 3, 4];[1, 3, 4]
1532;[1, 3, 4];[1, 3, 4]
1533;[2];[2, 3]
1534;[0];[0]
1535;[0, 2];[0, 2]
1536;[0, 2];[0, 2]
1537;[1, 3, 4];[1, 3, 4]
1538;[1, 2, 3, 4];[1, 2, 3, 4]
1539;[3];unknwon
1540;[1, 3, 4];[1, 3, 4]
1541;[1, 3, 4];[1, 3, 4]
1542;[1, 3, 4];[1, 3, 4]
1543;[1, 4];[1, 4]
1544;[2];[2]
1545;[0, 2];[0, 2, 3]
1546;[1, 3, 4];[1, 3, 4]
1547;[1, 3, 4];[1, 3, 4]
1548;[0];[0]
1549;[1, 2, 3, 4];[1, 2, 3, 4]
1550;[1, 3, 4];[1, 3, 4]
1551;[1, 3, 4];[1, 3, 4]
1552;[1, 3, 4];[1, 3, 4]
1553;[1, 3, 4];[1, 3, 4]
1554;[3];[3, 4]
1555;[1, 3, 4];[1, 4]
1556;[1, 4];[1, 4]
1557;[1, 3, 4];[1, 3, 4]
1558;[0, 2];[0, 2]
1559;[0, 2];[0, 2]
1560;[2, 3];[2, 3]
1561;[0, 2];[0, 2]
1562;[1, 3, 4];[1, 3, 4]
1563;[1, 3, 4];[1, 3, 4]
1564;[1, 3, 4];[1, 3, 4]
1565;[1, 3, 4];[1, 3, 4]
1566;[1, 3, 4];[1, 3, 4]
1567;[1, 3, 4];[1, 3, 4]
1568;[0, 2];[0, 2]
1569;[4];unknwon
1570;[1, 3, 4];[1, 3, 4]
1571;[1, 3, 4];[1, 3, 4]
1572;[0, 2];[0, 2]
1573;[2, 3];[2]
1574;[0, 2];[0, 2]
1575;[2];[2]
1576;[1, 3, 4];[1, 4]
1577;[4];[1, 3, 4]
1578;[1, 3, 4];[1, 3, 4]
1579;[1];[1]
1580;[1, 3, 4];[1, 3, 4]
1581;[1, 3, 4];[1, 3, 4]
1582;[1, 3, 4];[1, 3, 4]
1583;[1, 4];[1, 4]
1584;[1, 3, 4];[1, 3, 4]
1585;[1, 3, 4];[1, 3, 4]
1586;[1, 3, 4];[1, 3, 4]
1587;[1, 3, 4];[1, 3, 4]
1588;[2];[2]
1589;[1, 3, 4];[1, 3, 4]
1590;[3, 4];[3]
1591;[0, 2, 3];[0, 2, 3]
1592;[0, 2];[0, 2]
1593;[1, 3, 4];[1, 3, 4]
1594;[0, 2];[0, 2]
1595;[0, 2];[0, 2]
1596;[1, 3, 4];[1, 3, 4]
1597;[2];[2]
1598;[0, 1, 2, 3, 4];[0, 1, 2, 3, 4]
1599;[2];[2]
1600;[1, 3, 4];[1, 3, 4]
1601;[1, 3, 4];[1, 3, 4]
1602;[0];unknwon
1603;[0];[0]
1604;[1, 4];[1, 4]
1605;[1, 2, 3, 4];[0, 1, 2, 3, 4]
1606;[3];[3, 4]
1607;[2, 3, 4];[2, 3, 4]
1608;[1, 4];[1, 4]
1609;[1, 3, 4];unknwon
1610;[0, 1, 3, 4];[0, 1, 3, 4]
1611;[0, 2];[0, 2]
1612;[0, 1, 2, 3];[0, 1, 2, 3]
1613;[0, 2];[0, 2]
1614;[0];[0, 2]
1615;[0, 2];[0, 2]
1616;[1, 3, 4];[1, 3, 4]
1617;[0, 2];[0, 2]
1618;[0, 2];[0, 2]
1619;[1, 4];[1, 4]
1620;[0];[0]
1621;[0];unknwon
1622;[0];[0]
1623;[0, 2];[0, 2]
1624;[1, 4];[1, 4]
1625;[0, 2];[0, 2]
1626;[1, 3, 4];[1, 3, 4]
1627;[2];[2]
1628;[1, 3, 4];[1, 3, 4]
1629;[2, 3];[2, 3]
1630;[1, 3, 4];[1, 3, 4]
1631;[2, 3];[2, 3]
1632;[2];[2]
1633;[2];[2]
1634;[0];[0]
1635;[1, 4];[1, 4]
1636;[1, 3, 4];[1, 3, 4]
1637;[1, 3, 4];[1, 3, 4]
1638;[1, 4];[1, 4]
1639;[1];[1, 4]
1640;[1, 3, 4];[1, 3, 4]
1641;[1, 3, 4];[1, 3, 4]
1642;[1, 3, 4];[3, 4]
1643;[1, 3, 4];[1, 3, 4]
1644;[0];[0]
1645;[0, 1, 3];[0, 1, 3, 4]
1646;[1, 3, 4];[1, 3, 4]
1647;[1, 3, 4];[1, 3, 4]
1648;[3, 4];[1, 3, 4]
1649;[1, 3, 4];[1, 3, 4]
1650;[1, 3, 4];[1, 3, 4]
1651;[1, 4];[1, 4]
1652;[0];[0]
1653;[1, 4];[1, 3, 4]
1654;[1, 3, 4];[1, 3, 4]
1655;[1, 4];[1, 3, 4]
1656;[0, 2];[0, 2]
1657;[1, 3, 4];[1, 3, 4]
1658;[1];[1]
1659;[1, 3, 4];[1, 3, 4]
1660;[1, 3, 4];[1, 3, 4]
1661;[1, 3, 4];[1, 3, 4]
1662;[2];[2]
1663;[1, 3, 4];[1, 3, 4]
1664;[1, 3, 4];[1, 3, 4]
1665;[1, 3, 4];[1, 3, 4]
1666;[0];[0, 2]
1667;[1, 3, 4];[1, 3, 4]
1668;[1, 3, 4];[1, 3, 4]
1669;[1, 3, 4];[1, 3, 4]
1670;[3];unknwon
1671;[1, 3, 4];[1, 3, 4]
1672;[2];[2]
1673;[1, 3, 4];[1, 3, 4]
1674;[0, 2];[0, 2]
1675;[1, 3, 4];[1, 3, 4]
1676;[1, 3, 4];[1, 3, 4]
1677;[1, 3, 4];[1, 3, 4]
1678;[1, 3, 4];[1, 3, 4]
1679;[0, 2];[0, 2]
1680;[0, 2];[0, 2]
1681;[1, 3, 4];[1, 3, 4]
1682;[1, 3, 4];[1, 3, 4]
1683;[1, 3, 4];[1, 3, 4]
1684;[0, 2];[0, 2]
1685;[1, 3, 4];[1, 3, 4]
1686;[1, 3, 4];[1, 3, 4]
1687;[2, 3];[2, 3, 4]
1688;[0, 2];[0, 2]
1689;[0, 1, 3];[0, 1, 3, 4]
1690;[2];[2]
1691;[0, 2];[0, 2]
1692;[3, 4];[3, 4]
1693;[1, 3, 4];[1, 3, 4]
1694;[2];[2]
1695;[1, 3, 4];[1, 2, 3, 4]
1696;[0, 2];[0, 2]
1697;[2, 3];[2]
1698;[0, 2];[0, 2]
1699;[0, 2];[0, 2, 3]
1700;[2];[2]
1701;[0, 2];[0, 2]
1702;[0, 2];[0, 2]
1703;[0];[0]
1704;[0];[0]
1705;[0, 1, 3];[0, 1, 2, 3, 4]
1706;[1, 3, 4];[3, 4]
1707;[1, 3, 4];[1, 3, 4]
1708;[1, 3, 4];[1, 3, 4]
1709;[1, 3, 4];[1, 3, 4]
1710;[1, 3, 4];[1, 2, 3, 4]
1711;[1, 3, 4];[1, 3, 4]
1712;[1, 3, 4];[1, 3, 4]
1713;[1, 3, 4];[1, 3, 4]
1714;[1, 4];[1, 4]
1715;[0, 2];[0, 2]
1716;[1, 3, 4];[1, 3, 4]
1717;[1, 3, 4];[0, 1, 2, 3, 4]
1718;[1, 3, 4];[1, 3, 4]
1719;[1, 3, 4];[1, 3, 4]
1720;[1, 3, 4];[1, 3, 4]
1721;[0];[0]
1722;[1, 2, 3, 4];[1, 2, 3, 4]
1723;[1, 3, 4];[0, 1, 2, 3, 4]
1724;[1, 3, 4];[1, 3, 4]
1725;[1, 3, 4];[1, 3, 4]
1726;[0, 2];[0, 2]
1727;[1, 3, 4];[1, 3, 4]
1728;[0, 1, 3];[0, 1, 3, 4]
1729;[0, 2];[0, 2]
1730;[0, 1, 2, 3];[0, 1, 2, 3, 4]
1731;[1, 3, 4];[1, 3, 4]
1732;[1, 3, 4];[1, 3, 4]
1733;[1, 3, 4];[1, 3, 4]
1734;[1, 3, 4];[1, 3, 4]
1735;[1, 3, 4];[1, 3, 4]
1736;[1, 3, 4];[1, 3, 4]
1737;[0];[0]
1738;[2, 3];[2, 3]
1739;[1, 4];[1, 3, 4]
1740;[1, 3, 4];[1, 3, 4]
1741;[1, 3, 4];[1, 3, 4]
1742;[1, 3, 4];[1, 3, 4]
1743;[0, 2];[0, 2]
1744;[1, 3, 4];[1, 3, 4]
1745;[1, 3, 4];[1, 3, 4]
1746;[1, 3, 4];[1, 3, 4]
1747;[1, 3, 4];[1, 3, 4]
1748;[1, 3, 4];[1, 3, 4]
1749;[1, 3, 4];[1, 3]
1750;[1, 3, 4];[1, 3, 4]
1751;[1, 3, 4];[1, 3, 4]
1752;[1, 3, 4];[1, 3, 4]
1753;[1, 3, 4];[1, 3, 4]
1754;[2];[2]
1755;[0];[0]
1756;[1, 3, 4];[1, 3, 4]
1757;[0, 2, 3];[0, 2, 3]
1758;[1, 4];[1, 4]
1759;[1, 3, 4];[1, 3, 4]
1760;[1, 3, 4];[3, 4]
1761;[1, 3, 4];[3, 4]
1762;[1, 3, 4];[1, 3, 4]
1763;[0];[0]
1764;[0, 2];[0, 2]
1765;[1, 3, 4];[1, 4]
1766;[1, 3, 4];[1, 3, 4]
1767;[1, 3, 4];[1, 3, 4]
1768;[1, 3, 4];[1, 3, 4]
1769;[1, 3];[0, 1, 4]
1770;[1, 3, 4];[1, 4]
1771;[1, 3, 4];[1, 3, 4]
1772;[1, 3, 4];[1, 3, 4]
1773;[0, 2];[0, 2]
1774;[0, 2];[0, 2]
1775;[0];[0]
1776;[1, 3, 4];[1, 3, 4]
1777;[0];[0]
1778;[0, 2];[0, 2]
1779;[1];[1]
1780;[1, 3, 4];[1, 3, 4]
1781;[0];[0]
1782;[0, 2];[2]
1783;[0, 2];[0, 2]
1784;[0, 2];[0, 2]
1785;[0, 2];unknwon
1786;[1, 3, 4];[1, 3, 4]
1787;[1, 3, 4];[1, 3, 4]
1788;[0, 2];[0, 2]
1789;[0, 2];[0, 2]
1790;[1, 3, 4];[1, 3, 4]
1791;[1, 3, 4];[1, 3, 4]
1792;[0, 2];[0, 2]
1793;[1, 3, 4];[1, 3, 4]
1794;[0];[0]
1795;[2];[2]
1796;[0, 2];[0]
1797;[1, 3, 4];[1, 3, 4]
1798;[1, 3, 4];[1, 3, 4]
1799;[2, 3];[2, 3]
1800;[0, 1, 2, 3];[0, 1, 2, 3]
1801;[1, 4];[1, 4]
1802;[2];[2]
1803;[2, 3];[2, 3]
1804;[1, 3, 4];[1, 3, 4]
1805;[0, 1, 3];[0, 1, 2, 3, 4]
1806;[0];[0]
1807;[2, 3];[2, 3, 4]
1808;[1, 3, 4];[1, 3, 4]
1809;[0, 2, 3];[0, 2, 3]
1810;[0, 2];[0, 2]
1811;[0, 2, 3];[0, 2, 3]
1812;[1, 3, 4];[1, 3, 4]
1813;[0, 2];[0, 2]
1814;[1, 3, 4];[1, 3, 4]
1815;[1, 3, 4];[1, 3, 4]
1816;[1, 3, 4];[1, 2, 3, 4]
1817;[0];[0, 2]
1818;[1, 3, 4];[1, 3, 4]
1819;[0, 2];[0, 2]
1820;[0];[0]
1821;[0];[0, 2]
1822;[1, 3, 4];[1, 3, 4]
1823;[1, 3, 4];[1, 3, 4]
1824;[1, 3, 4];[1, 4]
1825;[1, 3, 4];[1, 3, 4]
1826;[0, 2];[0, 2]
1827;[0, 1, 2, 3, 4];[0, 1, 2, 3, 4]
1828;[1, 3, 4];[1, 3, 4]
1829;[1, 3, 4];[1, 3, 4]
1830;[0, 2];[0, 2]
1831;[1, 3, 4];[1, 3, 4]
1832;[1, 3, 4];[1, 4]
1833;[0, 2];[0, 2]
1834;[2];[2]
1835;[0];[0]
1836;[1, 3, 4];[1, 3, 4]
1837;[1, 3, 4];[1, 3, 4]
1838;[0];[0]
1839;[1, 3, 4];[1, 3, 4]
1840;[1, 3, 4];[1, 3]
1841;[0, 2];[0, 2]
1842;[1, 3, 4];[1, 4]
1843;[0, 2];[0, 2]
1844;[1, 3, 4];[1, 3, 4]
1845;[1, 3, 4];[1, 3, 4]
1846;[2];[2]
1847;[1, 3, 4];[1, 3, 4]
1848;[1, 3, 4];[1, 3, 4]
1849;[0];[0]
1850;[1, 3, 4];[1, 3, 4]
1851;[3, 4];[3]
1852;[0];[0]
1853;[1, 3, 4];[1, 4]
1854;[1, 3, 4];[1, 3, 4]
1855;[2];[2]
1856;[1];[1, 3, 4]
1857;[0, 2];[0, 2]
1858;[1, 4];[1, 4]
1859;[1, 3, 4];[1, 3, 4]
1860;[2, 3];[2, 3]
1861;[0, 2];[0, 2]
1862;[0, 2];[0, 2]
1863;[0, 2, 3];[0, 2, 3]
1864;[0, 2];[0, 2]
1865;[0, 2];[0, 2]
1866;[1, 3, 4];[1, 3, 4]
1867;[1, 3, 4];[1, 3, 4]
1868;[1, 3, 4];[1, 3, 4]
1869;[3, 4];[1, 3, 4]
1870;[1, 4];[1, 4]
1871;[1, 3, 4];[0, 1, 2, 3, 4]
1872;[1, 2, 3, 4];[1, 2, 3, 4]
1873;[0, 2];[0, 2]
1874;[1, 3, 4];[1, 3, 4]
1875;[1, 3, 4];[1, 3, 4]
1876;[1, 3, 4];[1, 3, 4]
1877;[0, 2];[0, 2]
1878;[0];[0]
1879;[0, 2];[0, 2]
1880;[1, 3, 4];[1, 3, 4]
1881;[1, 3, 4];[1, 3, 4]
1882;[1, 3, 4];[1, 3, 4]
1883;[0, 2];[0, 2]
1884;[1, 3, 4];[1, 3, 4]
1885;[3, 4];[1, 3, 4]
1886;[1, 3, 4];[1, 3, 4]
1887;[1, 3, 4];[1, 3, 4]
1888;[1, 3, 4];[1, 3, 4]
1889;[1, 3, 4];[1, 3, 4]
1890;[1, 3, 4];[1, 3, 4]
1891;[0, 2];[0, 2]
1892;[2];[2]
1893;[0, 2];[0, 2]
1894;[1, 3, 4];[1, 3, 4]
1895;[1, 4];[1, 3, 4]
1896;[1, 3, 4];[1, 3, 4]
1897;[0, 2];[0, 2]
1898;[1, 4];[1, 3, 4]
1899;[1, 3, 4];[1, 3, 4]
1900;[1, 3, 4];[1, 3, 4]
1901;[0, 1, 2, 3];[0, 1, 2, 3]
1902;[1, 3, 4];[1, 3, 4]
1903;[0, 2];[0, 2]
1904;[1, 3, 4];[1, 3, 4]
1905;[0, 2];[0, 2]
1906;[1, 3, 4];[1, 3, 4]
1907;[0, 2];[0, 2]
1908;[1, 3, 4];[3, 4]
1909;[0, 2];[0]
1910;[1, 3, 4];[1, 3]
1911;[1, 3, 4];[3, 4]
1912;[2];[2]
1913;[1, 3, 4];[1, 3, 4]
1914;[1, 3, 4];[1, 3, 4]
1915;[1, 3, 4];[1, 3, 4]
1916;[1, 3, 4];[1, 3, 4]
1917;[0, 1, 3];[0, 1, 4]
1918;[2];[2]
1919;[0, 2];[0, 2]
1920;[0, 2];[0, 2]
1921;[0, 2];[0, 2, 3]
1922;[0, 1, 2, 3, 4];[0, 1, 2, 3, 4]
1923;[1, 3, 4];[1, 3, 4]
1924;[0, 2];[0, 2]
1925;[1, 3, 4];[1, 3, 4]
1926;[0];[0]
1927;[1, 3, 4];[1, 3, 4]
1928;[2];[2]
1929;[0, 2];[0, 2]
1930;[1, 3, 4];[1, 3, 4]
1931;[0, 2];[0, 2]
1932;[2];[2]
1933;[2];[0, 2]
1934;[1, 3, 4];[1, 3, 4]
1935;[0, 2];[0, 2]
1936;[1, 3, 4];[1, 3, 4]
1937;[0, 2];[0, 2]
1938;[0, 2];[0, 2, 3]
1939;[1, 3, 4];[1, 3, 4]
1940;[1, 3, 4];[1, 3, 4]
1941;[1, 3, 4];[1, 3, 4]
1942;[0];[0]
1943;[1, 3, 4];[1, 3, 4]
1944;[2];[2]
1945;[2];unknwon
1946;[1, 2, 3, 4];[1, 2, 3, 4]
1947;[1, 3, 4];[1, 3, 4]
1948;[1, 3, 4];[1, 3, 4]
1949;[0, 2];[0, 2]
1950;[1, 3, 4];[3, 4]
1951;[0];[0]
1952;[1, 3, 4];[1, 3, 4]
1953;[1, 4];[1, 4]
1954;[1, 3, 4];[1, 3, 4]
1955;[1, 3, 4];[1, 3, 4]
1956;[0, 2, 3];[0, 2, 3]
1957;[0, 2];[0, 2]
1958;[1, 3, 4];[1, 3, 4]
1959;[2];unknwon
1960;[1, 3, 4];[1, 3, 4]
1961;[2];[2]
1962;[0, 2];[0, 2]
1963;[1, 3, 4];[1, 3, 4]
1964;[1, 3, 4];[1, 3, 4]
1965;[3, 4];[1, 3, 4]
1966;[1, 2, 3, 4];[1, 2, 3, 4]
1967;[1, 3, 4];[1, 3, 4]
1968;[1, 3, 4];[1, 3, 4]
1969;[1, 3, 4];[1, 3, 4]
1970;[2, 3, 4];[2, 3, 4]
1971;[0, 2, 3];[0, 2, 3]
1972;[1, 3, 4];[1, 3, 4]
1973;[0, 2];[0, 2]
1974;[1, 3, 4];[1, 3, 4]
1975;[1, 3, 4];[1, 3, 4]
1976;[1, 3, 4];[1, 3, 4]
1977;[2, 3];[0, 2, 3]
1978;[0, 1, 2, 3];[0, 1, 2, 3, 4]
1979;[1, 3, 4];[1, 3, 4]
1980;[1, 3, 4];[1, 3, 4]
1981;[0, 2];[0, 2]
1982;[1, 3, 4];[1, 3, 4]
1983;[1, 3, 4];[1, 3, 4]
1984;[0, 2];[0, 2]
1985;[0, 2];[2]
1986;[0, 2];[0, 2]
1987;[1, 3, 4];[1, 3, 4]
1988;[1, 4];[1, 3, 4]
1989;[4];unknwon
1990;[0, 1, 3, 4];[0, 1, 2, 3, 4]
1991;[1, 4];[1, 3, 4]
1992;[1, 3, 4];[1, 3, 4]
1993;[0, 2];[0, 2]
1994;[1, 3, 4];[1, 3, 4]
1995;[0];[0]
1996;[0, 2];[0, 2]
1997;[1, 3, 4];[1, 3, 4]
1998;[1, 3, 4];[1, 3, 4]
1999;[1, 3, 4];[1, 3, 4]
2000;[1, 3, 4];[1, 3, 4]
2001;[0, 2];[0, 2]
2002;[1, 4];[1, 4]
2003;[0, 1, 2, 3, 4];[1, 2, 3, 4]
2004;[1, 3, 4];[1, 3, 4]
2005;[1, 3, 4];[1, 3, 4]
2006;[1, 3, 4];[1, 3, 4]
2007;[1, 3, 4];[1, 4]
2008;[1, 3, 4];[1, 3, 4]
2009;[1];[1, 4]
2010;[1, 3, 4];[1, 3, 4]
2011;[0];[0]
2012;[0, 2, 3];[0, 2, 3]
2013;[1, 3, 4];[1, 3, 4]
2014;[0, 2];[2]
2015;[1, 3, 4];[1, 3, 4]
2016;[1, 3, 4];[1, 3, 4]
2017;[1, 3, 4];[1, 3, 4]
2018;[1, 3, 4];[1, 3, 4]
2019;[1, 4];[1, 4]
2020;[0];[0]
2021;[0, 2];[0, 2]
2022;[1, 3, 4];[1, 3, 4]
2023;[1, 3, 4];[1, 3, 4]
2024;[4];unknwon
2025;[1, 3, 4];[1, 3, 4]
2026;[0, 2];[0, 2]
2027;[0, 2];[0, 2]
2028;[0, 1, 2, 3];[0, 1, 2, 3, 4]
2029;[0];[0]
2030;[1, 3, 4];[3, 4]
2031;[0, 2];[0, 2]
2032;[1, 3, 4];[1, 3, 4]
2033;[1, 4];[1, 3, 4]
2034;[0, 2];[0, 2]
2035;[1, 3, 4];[1, 3, 4]
2036;[1, 3, 4];[1, 3, 4]
2037;[1, 3, 4];[1, 3, 4]
2038;[1, 3, 4];[1, 3, 4]
2039;[1, 3, 4];[1, 3, 4]
2040;[1, 3, 4];[1, 3]
2041;[0, 2];[0, 2]
2042;[0, 2];[0, 2]
2043;[2, 3];[2, 3, 4]
2044;[1, 3, 4];[1, 3, 4]
2045;[1, 3, 4];[1, 3, 4]
2046;[0, 2];[0, 2]
2047;[0, 2];[0, 2]
2048;[1, 3, 4];[1, 2, 3, 4]
2049;[1, 3, 4];[1, 3, 4]
2050;[0];[0]
2051;[1, 3, 4];[1, 3, 4]
2052;[0, 2];[0, 2]
2053;[0, 2];[0, 2]
2054;[0, 2];[0, 2]
2055;[0, 2];[0, 2]
2056;[1, 2, 3, 4];[0, 1, 2, 3, 4]
2057;[1, 3, 4];[1, 3, 4]
2058;[1, 3, 4];[1, 3, 4]
2059;[1, 3, 4];[1, 3, 4]
2060;[1, 3, 4];[1, 3, 4]
2061;[0];[0]
2062;[1, 3, 4];[1, 3, 4]
2063;[0, 2];[0, 2]
2064;[1, 3, 4];[1, 3, 4]
2065;[1, 3, 4];[1, 3, 4]
2066;[1, 3, 4];[1, 3, 4]
2067;[1, 3, 4];[1, 4]
2068;[1, 3, 4];[1, 3, 4]
2069;[1, 3, 4];[1, 3, 4]
2070;[1, 4];[1, 4]
2071;[1, 3, 4];[1, 3, 4]
2072;[1, 4];[1, 4]
2073;[1, 3, 4];[1, 3, 4]
2074;[1, 3, 4];[1, 3, 4]
2075;[0, 2];[0, 2]
2076;[2];[2]
2077;[1, 3, 4];[1, 3, 4]
2078;[1, 3, 4];[1, 3, 4]
2079;[1, 2, 3, 4];[1, 2, 3, 4]
2080;[1, 3, 4];[1, 3, 4]
2081;[0, 2];[0, 2]
2082;[1, 3, 4];[1, 3, 4]
2083;[1, 3, 4];[1, 3, 4]
2084;[0, 2, 3];[0, 2, 3]
2085;[1, 4];[1, 4]
2086;[0];[0]
2087;[0, 2];[0]
2088;[0];[0, 2]
2089;[1, 3, 4];[0, 1, 3, 4]
2090;[0];[0]
2091;[2, 3];[2, 3]
2092;[2, 3];[2]
2093;[0];[0, 2]
2094;[1, 4];[1, 3, 4]
2095;[0, 2, 3];[0, 2, 3]
2096;[1, 3, 4];[3, 4]
2097;[0, 1, 2, 3, 4];[0, 1, 2, 3, 4]
2098;[4];unknwon
2099;[2];[2]
2100;[0, 2];[0]
2101;[1, 3, 4];[1, 3, 4]
2102;[1, 3, 4];[1, 3, 4]
2103;[1, 3, 4];[1, 3, 4]
2104;[1, 3, 4];[3, 4]
2105;[0, 2];[0, 2]
2106;[0, 2];[2]
2107;[0, 2];[0, 2]
2108;[1, 3, 4];[1, 3, 4]
2109;[1, 3, 4];[1]
2110;[0, 2];[0, 2]
2111;[1, 3, 4];[1]
2112;[1, 3, 4];[1, 3, 4]
2113;[1, 3, 4];[1, 3, 4]
2114;[1, 3, 4];[1, 3, 4]
2115;[0, 1, 2, 3];[0, 1, 2, 3, 4]
2116;[2];[2]
2117;[1, 2, 3, 4];[0, 1, 2, 3, 4]
2118;[0, 2];[0, 2]
2119;[1, 3, 4];[1, 3, 4]
2120;[3, 4];[1, 3]
2121;[1, 4];[1, 4]
2122;[1, 3, 4];[1, 3, 4]
2123;[3, 4];[1, 3]
2124;[0, 1, 2, 3];[0, 1, 2, 3, 4]
2125;[3, 4];[3, 4]
2126;[0];[0]
2127;[1, 4];[1, 3, 4]
2128;[0, 1, 2, 3];[0, 1, 2, 3, 4]
2129;[0, 1, 2, 3, 4];[0, 1, 2, 3, 4]
2130;[0, 2, 3];[0, 2, 3]
2131;[0, 2];[0, 2]
2132;[3, 4];[3, 4]
2133;[0, 2];[0, 2]
2134;[1, 3, 4];[1, 3, 4]
2135;[1, 3, 4];[1, 3, 4]
2136;[2];[2]
2137;[0, 2];[0, 2]
2138;[0, 3];[0, 1, 2, 3, 4]
2139;[0];[0]
2140;[0, 2];[0, 2]
2141;[1, 3, 4];[1, 3, 4]
2142;[0];[0]
2143;[0, 2, 3];[0, 2, 3]
2144;[1, 4];[1, 3, 4]
2145;[0, 2, 3];[0, 2, 3]
2146;[1, 3, 4];[1, 3, 4]
2147;[1, 4];[1, 4]
2148;[0];[0]
2149;[1, 3, 4];[1, 3, 4]
2150;[2];[2]
2151;[1, 3, 4];[1, 3, 4]
2152;[1, 3, 4];[1, 3, 4]
2153;[1, 3, 4];[1, 3, 4]
2154;[1, 3, 4];[1, 3, 4]
2155;[1, 3, 4];[1, 3, 4]
2156;[0, 2];[0, 2]
2157;[0, 2];[0, 2]
2158;[0];[0, 2]
2159;[1, 3, 4];[1, 3, 4]
2160;[1, 3, 4];[1, 3, 4]
2161;[0, 3];[0, 2, 3]
2162;[1, 3, 4];[1, 3, 4]
2163;[1, 4];[1, 4]
2164;[0, 1, 2, 3];[0, 1, 2, 3, 4]
2165;[1, 3, 4];[1, 3, 4]
2166;[1, 3, 4];[1, 3, 4]
2167;[2, 3];[2, 3]
2168;[0, 1, 3, 4];[0, 1, 2, 3, 4]
2169;[1, 3, 4];[1, 3, 4]
2170;[1, 3, 4];[1, 3, 4]
2171;[0];[0]
2172;[4];unknwon
2173;[1, 3, 4];[1, 3, 4]
2174;[0, 2];[0, 2]
2175;[0, 2];[0, 2]
2176;[1, 3, 4];[1, 3, 4]
2177;[1, 4];[1, 3, 4]
2178;[0, 2];[0, 2]
2179;[1, 2, 3, 4];[1, 2, 3, 4]
2180;[0, 2, 3];[0, 2, 3]
2181;[1, 3, 4];[1, 3, 4]
2182;[1, 3, 4];[1, 3, 4]
2183;[1, 3, 4];[1, 3, 4]
2184;[1, 4];[1, 3, 4]
2185;[2, 3];[2, 3]
2186;[0];[0]
2187;[1, 3, 4];[1, 3]
2188;[1, 3, 4];[1, 3, 4]
2189;[0, 2];[0, 2]
2190;[1, 3, 4];[1, 3]
2191;[0, 2, 3];[0, 2, 3]
2192;[1, 3, 4];[1, 3, 4]
2193;[1, 3, 4];unknwon
2194;[1, 3, 4];[1, 3, 4]
2195;[0, 2];[0, 2]
2196;[1, 3, 4];[1, 3, 4]
2197;[0, 2];[0, 2]
2198;[4];unknwon
2199;[2];[2]
2200;[1, 3, 4];[0, 1, 3, 4]
2201;[0];[0]
2202;[1, 3, 4];[3, 4]
2203;[2];[2]
2204;[0];[0]
2205;[2];[2]
2206;[1, 3, 4];[1, 3, 4]
2207;[0, 1, 3, 4];[0, 1, 3, 4]
2208;[3];[NP3]
2209;[0, 2];[0, 2]
2210;[0, 2];[0, 2]
2211;[1];[1, 4]
2212;[1, 3, 4];[1, 3, 4]
2213;[1, 2, 3, 4];[1, 2, 3, 4]
2214;[0, 2];[0, 2]
2215;[1, 3, 4];[1, 3, 4]
2216;[0];[0]
2217;[1, 4];[1, 3, 4]
2218;[1, 3, 4];[1, 3, 4]
2219;[0];[0]
2220;[0, 1, 2, 3];[0, 1, 2, 3, 4]
2221;[1, 3, 4];[1, 3, 4]
2222;[0, 2];[0, 2]
2223;[0, 2];[0, 2]
2224;[0, 2];[0, 2]
2225;[0, 2];[0, 2]
2226;[1, 3, 4];[1, 3, 4]
2227;[1, 3, 4];[1, 3, 4]
2228;[1, 3, 4];[1, 4]
2229;[1, 3, 4];[1, 3, 4]
2230;[1, 3, 4];[1, 3, 4]
2231;[4];[1]
2232;[0, 1, 3];[0, 1, 2, 3, 4]
2233;[1, 3, 4];[1, 3, 4]
2234;[0, 2, 3];[0, 2, 3]
2235;[0];[0]
2236;[0, 2];[0, 2]
2237;[0, 1, 2, 3];[0, 1, 2, 3, 4]
2238;[0, 1, 3];[0, 1, 3, 4]
2239;[1, 3, 4];[1, 3, 4]
2240;[3];[NP3, 4]
2241;[1, 3, 4];[1, 3, 4]
2242;[1, 3, 4];[1, 3, 4]
2243;[0, 2];[0, 2]
2244;[1, 4];[1]
2245;[2];unknwon
2246;[1, 3, 4];[1, 3, 4]
2247;[0];[0]
2248;[1, 3, 4];[1, 3, 4]
2249;[2];[2]
2250;[1, 3, 4];[1, 3, 4]
2251;[0, 2];[0, 2]
2252;[1, 3, 4];[1, 3, 4]
2253;[1, 3, 4];[1, 3, 4]
2254;[1, 3, 4];[1, 3, 4]
2255;[1, 4];[1, 4]
2256;[2];[2]
2257;[2, 3, 4];[2, 3, 4]
2258;[1, 3, 4];[1, 3, 4]
2259;[0, 2];[0, 2]
2260;[1, 3, 4];[3, 4]
2261;[0];[0]
2262;[1, 3, 4];[1, 3, 4]
2263;[1, 3, 4];[1, 3, 4]
2264;[0];[0, 2]
2265;[0, 2, 3];[0, 2, 3]
2266;[1, 3, 4];[1, 3, 4]
2267;[1, 3, 4];[1, 3, 4]
2268;[1, 3, 4];[1, 3, 4]
2269;[1, 4];[1, 4]
2270;[0, 2];[0, 2]
2271;[0, 1, 2, 3];[0, 1, 2, 3, 4]
2272;[1, 4];[1, 4]
2273;[0, 2];[0]
2274;[1, 3, 4];[1, 4]
2275;[2];[2]
2276;[1, 3, 4];[1, 3, 4]
2277;[1, 3, 4];[1, 3, 4]
2278;[0, 2];[0, 2]
2279;[1, 3, 4];[1, 3, 4]
2280;[1];[1, 3, 4]
2281;[1, 3, 4];[1, 3, 4]
2282;[1, 3, 4];[1, 3, 4]
2283;[2];[2]
2284;[0, 2];[2]
2285;[3, 4];[1, 3, 4]
2286;[3, 4];[3, 4]
2287;[0, 2, 3];[0, 1, 2, 3]
2288;[0, 1, 3];[0, 1, 2, 3]
2289;[1, 3, 4];[1, 3, 4]
2290;[0, 2];[0, 2]
2291;[0, 2];[0, 2]
2292;[1, 3, 4];[1, 3, 4]
2293;[1, 3, 4];[1, 3, 4]
2294;[0, 2];[0, 2]
2295;[2, 3];[2, 3]
2296;[0, 2];[2]
2297;[0];[0, 2]
2298;[0, 2];[0, 2]
2299;[0, 2];[0, 2]
2300;[1, 3, 4];[1, 3, 4]
2301;[0, 2];[0, 2, 3]
2302;[2, 3];[2, 3]
2303;[1, 3, 4];[1, 3, 4]
2304;[0, 2];[0, 2]
2305;[0];[0, 2]
2306;[1, 3, 4];[1, 3, 4]
2307;[1, 3, 4];[0, 1, 3, 4]
2308;[1, 3, 4];[1, 3, 4]
2309;[1, 3, 4];[1, 3, 4]
2310;[1, 3, 4];[1, 3, 4]
2311;[0, 2];[0, 2]
2312;[1, 3, 4];[1, 3, 4]
2313;[1, 3, 4];[1, 3, 4]
2314;[2];[2]
2315;[1, 3, 4];[1, 3, 4]
2316;[1, 4];[1, 4]
2317;[0, 2];[0, 2]
2318;[1, 4];[1, 3, 4]
2319;[3, 4];[1, 3]
2320;[1, 3, 4];[1, 3, 4]
2321;[1, 3, 4];[1, 3, 4]
2322;[3, 4];[3, 4]
2323;[1, 3, 4];[1, 3]
2324;[1, 3, 4];[1, 3, 4]
2325;[0, 2];[0, 2]
2326;[0];[0]
2327;[1, 3, 4];[1, 3, 4]
2328;[1, 3, 4];[1, 3, 4]
2329;[1, 4];[1, 3, 4]
2330;[1, 3, 4];[1, 3, 4]
2331;[0, 2];[0, 2]
2332;[0, 2, 3];[0, 2, 3]
2333;[1, 4];[1, 3, 4]
2334;[1, 3, 4];[1, 3, 4]
2335;[1, 3, 4];[0, 1, 3, 4]
2336;[1, 3, 4];[1, 3, 4]
2337;[1, 3, 4];[1, 3, 4]
2338;[2, 3, 4];[2, 3, 4]
2339;[1, 3, 4];[1, 3, 4]
2340;[0, 2];[0, 2]
2341;[1, 3, 4];[1, 3, 4]
2342;[2];[2]
2343;[0, 1, 3];[0, 1, 2, 3, 4]
2344;[1, 3, 4];[1, 3, 4]
2345;[0, 2];[0, 2]
2346;[1, 3, 4];[1, 3, 4]
2347;[1, 3, 4];[3]
2348;[2];[2]
2349;[1, 3, 4];[1, 2, 3, 4]
2350;[1, 3, 4];[1, 3, 4]
2351;[1, 3, 4];[1, 3, 4]
2352;[0, 2];[0, 2]
2353;[1, 3, 4];[1, 3, 4]
2354;[1, 3, 4];[1, 3, 4]
2355;[1, 3, 4];[1, 3, 4]
2356;[0, 2];[0, 2]
2357;[0, 2];[0, 2]
2358;[0];[0, NP1]
2359;[1, 3, 4];[1, 3, 4]
2360;[1, 3, 4];[1, 3, 4]
2361;[0];[0]
2362;[0, 2];[0, 2]
2363;[1, 3, 4];[1, 3, 4]
2364;[1, 4];[1, 4]
2365;[1, 3, 4];[1, 3, 4]
2366;[1, 3, 4];[1, 3]
2367;[2, 3];[2, 3]
2368;[1, 3, 4];[1, 3, 4]
2369;[1, 4];[1, 3, 4]
2370;[1, 3, 4];unknwon
2371;[1, 4];[1, 3, 4]
2372;[0, 2];[0, 2]
2373;[0, 2];[0, 2]
2374;[1, 3, 4];[1, 3, 4]
2375;[0, 1, 2, 3, 4];[0, 1, 2, 3, 4]
2376;[1, 4];[1, 4]
2377;[0, 2];[0, 2]
2378;[2];[2]
2379;[1, 3, 4];[1, 3, 4]
2380;[2];[2]
2381;[0, 1, 3, 4];[0, 1, 2, 3, 4]
2382;[1, 4];[1, 3, 4]
2383;[0, 2];[0, 2]
2384;[1, 3, 4];[1, 3, 4]
2385;[1, 3, 4];[1, 3, 4]
2386;[1, 3, 4];unknwon
2387;[1, 3, 4];[1, 3, 4]
2388;[0, 2];[0, 2]
2389;[0, 2];[0, 2]
2390;[2];[2]
2391;[0, 2];[0, 2]
2392;[1, 3, 4];[1, 3, 4]
2393;[0, 2];[0, 2]
2394;[0];[0, 2]
2395;[2];[2]
2396;[1, 3, 4];[1, 3, 4]
2397;[1, 3, 4];[1]
2398;[1, 4];[1, 3, 4]
2399;[0];[0, 2]
2400;[1, 3, 4];[1, 3, 4]
2401;[1, 2, 3, 4];[1, 2, 3, 4]
2402;[0];[0, 2]
2403;[1, 3, 4];[1, 3, 4]
2404;[2];[0, 2]
2405;[0, 2];[0, 2]
2406;[1, 4];[1, 4]
2407;[0, 2, 3];[0, 2, 3]
2408;[2];[2]
2409;[0, 2];[0, 2]
2410;[1, 3, 4];[1, 4]
2411;[0];[0]
2412;[1, 2, 3, 4];[1, 2, 3, 4]
2413;[1];[1]
2414;[0, 2];[0, 2]
2415;[1, 3, 4];[1, 3, 4]
2416;[0, 2];[0, 2]
2417;[0, 2];[0, 2]
2418;[1];[1, 3, 4]
2419;[1, 3, 4];[3]
2420;[0, 2, 3];[0, 2, 3]
2421;[0, 2];[0, 2]
2422;[0, 2];[0, 2]
2423;[0, 2];[0, 2]
2424;[0, 2];[0, 2]
2425;[0, 2];[0, 2]
2426;[1, 4];[3, 4]
2427;[1, 3, 4];[1, 3, 4]
2428;[1, 3, 4];[1, 3, 4]
2429;[0, 2];[0, 2]
2430;[1, 3, 4];[1, 3, 4]
2431;[0, 2];[0, 2]
2432;[2];[2]
2433;[1, 3, 4];[1, 3, 4]
2434;[1, 3, 4];[3, 4]
2435;[1, 4];[1, 3]
2436;[0];[0, 2]
2437;[1, 3, 4];[1, 3, 4]
2438;[0];[0, 2]
2439;[1, 4];[1, 3, 4]
2440;[1, 3, 4];[1, 3, 4]
2441;[1, 3, 4];[1, 3, 4]
2442;[1, 3, 4];[1, 3, 4]
2443;[0, 2];[0, 2]
2444;[1, 3, 4];[1, 3, 4]
2445;[0, 1, 3, 4];[0, 1, 2, 3, 4]
2446;[4];[1, 4]
2447;[0, 2];[0, 2]
2448;[1, 3, 4];[1, 3, 4]
2449;[1, 3, 4];[1, 3, 4]
2450;[1, 3, 4];[1, 3, 4]
2451;[0, 2];[0, 2]
2452;[1, 3, 4];[1, 3, 4]
2453;[3, 4];[3]
2454;[0, 2];[0, 2]
2455;[2];[2]
2456;[0, 2];[0, 2]
2457;[1, 3, 4];[1, 3, 4]
2458;[0, 1, 2, 3, 4];[0, 1, 2, 3, 4]
2459;[1, 3, 4];[1, 3, 4]
2460;[0, 2];[0, 2]
2461;[1, 3, 4];[1]
2462;[1, 4];[1, 4]
2463;[0, 1, 3, 4];[0, 1, 2, 3, 4]
2464;[1, 3, 4];[1, 3, 4]
2465;[1, 3, 4];[1, 3, 4]
2466;[1, 3, 4];[1, 3, 4]
2467;[0];[0]
2468;[1, 3, 4];[1, 3, 4]
2469;[0, 2];[0, 2]
2470;[1, 3, 4];[1, 3, 4]
2471;[1, 4];[1, 3, 4]
2472;[3, 4];[3, 4]
2473;[1, 3, 4];[1, 3, 4]
2474;[0, 2];[0, 2]
2475;[1, 3, 4];[1, 3, 4]
2476;[1, 3, 4];[3, 4]
2477;[1, 3, 4];[1, 3, 4]
2478;[0, 2];[0, 2]
2479;[1, 3, 4];[1, 3, 4]
2480;[0, 2];[0, 2]
2481;[0, 2];[0, 2]
2482;[0, 2];[0, 2]
2483;[0, 2];[0, 2]
2484;[0, 2];[2]
2485;[1, 3, 4];[0, 1, 2, 3, 4]
2486;[1, 4];[3, 4]
2487;[3];[3]
2488;[1, 3, 4];[1, 3, 4]
2489;[1, 3, 4];[1, 3, 4]
2490;[1, 3, 4];[1, 3, 4]
2491;[1, 3, 4];[1, 3, 4]
2492;[0];[0, 1, 3, 4]
2493;[2];[2]
2494;[1, 3, 4];[1, 3, 4]
2495;[1, 3, 4];[1]
2496;[0];[0]
2497;[2];[NP2]
2498;[1, 3, 4];[4]
2499;[1, 4];[1, 3, 4]
2500;[2];[2]
2501;[0, 2];[0, 2]
2502;[0];[0, 2]
2503;[1, 3, 4];[1, 3, 4]
2504;[1, 3, 4];[1, 3, 4]
2505;[1, 3, 4];[1, 3, 4]
2506;[1, 3, 4];[1, 3, 4]
2507;[1, 4];[1, 4]
2508;[1, 3, 4];[1, 3, 4]
2509;[0];[0]
2510;[1, 3, 4];[1, 3, 4]
2511;[1, 2, 3, 4];[1, 2, 3, 4]
2512;[1, 3, 4];[1, 3, 4]
2513;[1, 3, 4];[1, 3, 4]
2514;[1, 3, 4];[1, 3, 4]
2515;[1, 3, 4];[1, 3, 4]
2516;[1, 3, 4];[1, 3, 4]
2517;[0, 2];[0, 2]
2518;[1, 3, 4];[1, 3, 4]
2519;[1, 3, 4];[1, 3, 4]
2520;[0, 1, 3];[0, 1, 3, 4]
2521;[0, 2];[0, 2]
2522;[1, 3, 4];[1, 3, 4]
2523;[0, 2];[0, 2]
2524;[0, 2];[0, 2]
2525;[0, 2];[0, 2]
2526;[1, 3, 4];[1, 3, 4]
2527;[1, 3, 4];[1, 4]
2528;[0, 2, 3];[0, 2, 3]
2529;[2];[2]
2530;[1, 3, 4];[1, 3, 4]
2531;[1, 3, 4];[1, 3, 4]
2532;[1, 3, 4];[1, 3, 4]
2533;[0, 2];[0, 2]
2534;[1, 3, 4];[1, 3, 4]
2535;[0, 2];[0, 2]
2536;[1, 4];[1, 4]
2537;[0, 1, 3];[0, 1, 2, 3, 4]
2538;[0, 2];[0, 2]
2539;[1, 3, 4];[1, 3, 4]
2540;[1, 3, 4];[1, 3, 4]
2541;[0, 1, 3, 4];[0, 1, 3, 4]
2542;[1, 3, 4];[1, 3, 4]
2543;[1, 3, 4];[1, 3, 4]
2544;[0, 2];[0, 2]
2545;[0];[NP1]
2546;[0, 2];[0, 2]
2547;[1, 3, 4];[1, 3, 4]
2548;[0, 2];[0, 2]
2549;[3];[NP3]
2550;[0, 2];[0, 2]
2551;[2];unknwon
2552;[0, 2];[0, 2]
2553;[1, 3, 4];[1, 3, 4]
2554;[2, 3];[2, 3]
2555;[0, 2];[0, 2]
2556;[0, 2];[0]
2557;[1, 3, 4];[1, 3]
2558;[0];[0]
2559;[0, 1, 2, 3, 4];[0, 1, 2, 3, 4]
2560;[1, 3, 4];[1, 3]
2561;[1, 3, 4];[1, 3, 4]
2562;[1, 3, 4];[1, 3, 4]
2563;[1, 3, 4];[1, 3, 4]
2564;[1, 3, 4];[1, 3, 4]
2565;[1, 3, 4];[1, 2, 3, 4]
2566;[0, 2, 3];[0, 2, 3]
2567;[2];[2]
2568;[0];[0, 2]
2569;[1, 4];[1, 3, 4]
2570;[2, 3];[2, 3]
2571;[0, 2];[0, 2]
2572;[0];[0]
2573;[1, 3, 4];[1, 3]
2574;[1, 3, 4];[1, 3, 4]
2575;[3, 4];[NP3, 3, 4]
2576;[1, 3, 4];[1, 3, 4]
2577;[2];[2]
2578;[1, 3, 4];[3, 4]
2579;[1, 3, 4];[1, 3, 4]
2580;[0, 2];[0, 2]
2581;[0, 2];[0, 2]
2582;[1, 3, 4];[1, 4]
2583;[1, 3, 4];[1, 3, 4]
2584;[1, 3, 4];[1, 3, 4]
2585;[1, 3, 4];[1, 3, 4]
2586;[1, 3, 4];[1, 3, 4]
2587;[3, 4];[3, 4]
2588;[2];[2]
2589;[2, 3];[2, 3]
2590;[1, 4];[1, 4]
2591;[1, 3, 4];[1, 3, 4]
2592;[1, 3, 4];[1, 3, 4]
2593;[1, 3, 4];[1, 3, 4]
2594;[1, 4];[1, 4]
2595;[1, 3];[1, 3, 4]
2596;[1, 3, 4];[1, 3, 4]
2597;[2];[2]
2598;[0, 2];[0, 2]
2599;[1, 4];[1, 3, 4]
2600;[0, 2];[2]
2601;[0];[0]
2602;[0, 2];[0, 2]
2603;[0];[0]
2604;[1, 3, 4];[1, 3, 4]
2605;[0, 2];[0, 2]
2606;[1, 3, 4];[1, 3, 4]
2607;[1, 3, 4];[1, 3, 4]
2608;[0, 2];[0, 2]
2609;[1, 3, 4];[1, 3, 4]
2610;[1, 3, 4];[1, 3, 4]
2611;[0, 2];[0, 2]
2612;[1, 3, 4];[1, 3, 4]
2613;[3, 4];[1, 3]
2614;[1, 3, 4];[1, 3, 4]
2615;[1, 3, 4];[1, 3, 4]
2616;[0, 2];[0, 2]
2617;[1, 3, 4];[1, 3, 4]
2618;[0, 2];[0, 2]
2619;[1, 3, 4];[1, 3, 4]
2620;[1, 3, 4];[1, 3, 4]
2621;[1, 4];[1, 3, 4]
2622;[1, 3, 4];[1, 3, 4]
2623;[1, 3, 4];[1, 3, 4]
2624;[1, 3, 4];[3, 4]
2625;[3, 4];[NP3, 1, 3, 4]
2626;[1, 3, 4];[NP3, 1, 3, 4]
2627;[0, 2];[0, 2]
2628;[1, 4];[1, 3, 4]
2629;[1, 3, 4];[1, 3, 4]
2630;[0];[0, 2]
2631;[1, 3, 4];[1, 3, 4]
2632;[0, 2];[0]
2633;[0, 2];[0, 2]
2634;[2];[2]
2635;[1, 3, 4];[1, 3, 4]
2636;[1, 3, 4];[1, 3, 4]
2637;[0, 2, 3];[0, 2, 3]
2638;[1, 3, 4];[1, 3, 4]
2639;[0];[0]
2640;[1, 3, 4];[1, 3, 4]
2641;[0, 2];[0, 2]
2642;[0, 2];[0, 2]
2643;[0, 2, 3];[0, 2, 3]
2644;[1, 3, 4];[1, 3, 4]
2645;[1, 3, 4];[1, 3, 4]
2646;[0, 1, 3];[0, 1, 2, 3, 4]
2647;[1, 4];[1, 3, 4]
2648;[0, 2];[0, 2]
2649;[0, 2];[0, 2]
2650;[0, 2];[2]
2651;[0, 2];[0, 2]
2652;[0];[0, 2]
2653;[0, 2];[0]
2654;[1, 3, 4];[1, 3, 4]
2655;[2];[2]
2656;[2];[2, 3]
2657;[0, 2];[0, 2]
2658;[1, 3, 4];[1, 3, 4]
2659;[2];[2]
2660;[1, 3, 4];[1, 3, 4]
2661;[0, 3];[0, 1, 2, 3]
2662;[1, 4];[1, 3, 4]
2663;[1, 3, 4];[1, 3, 4]
2664;[0, 2];[0, 2]
2665;[1, 3, 4];[1, 3, 4]
2666;[0, 2];[0, 2]
2667;[0, 1, 3];[0, 1, 3, 4]
2668;[1, 3, 4];[1, 3, 4]
2669;[0, 2];[0, 2]
2670;[1, 3, 4];[1, 3, 4]
2671;[1, 3, 4];[1, 3, 4]
2672;[1, 3, 4];[1, 3, 4]
2673;[0, 2];[0, 2]
2674;[0];[0, 2]
2675;[1, 3, 4];[1, 3, 4]
2676;[0];[0]
2677;[1, 3, 4];[1, 3, 4]
2678;[0];[0]
2679;[1, 3, 4];[1, 3, 4]
2680;[0];unknwon
2681;[1, 3];[1, 3]
2682;[1, 3, 4];[1, 3, 4]
2683;[0];[0]
2684;[1, 3, 4];[1, 3, 4]
2685;[1, 4];[1, 3, 4]
2686;[0];[0, NP1]
2687;[1, 3, 4];[1, 3, 4]
2688;[0];[0, NP1]
2689;[0];[0, 2]
2690;[1, 3, 4];[1, 3, 4]
2691;[1, 3, 4];[1, 4]
2692;[4];unknwon
2693;[1, 3, 4];[1, 3]
2694;[0, 2];[0, 2]
2695;[0, 2];[0, 2]
2696;[0, 2];[0, 2]
2697;[1, 3, 4];[1, 3, 4]
2698;[1, 3, 4];[1, 3, 4]
2699;[1, 3, 4];[1, 3, 4]
2700;[0, 2];[0, 2]
2701;[1, 4];[1, 3, 4]
2702;[1, 3, 4];[1, 3, 4]
2703;[0, 2];[0, 2]
2704;[0, 1, 3];[0, 1, 2, 3, 4]
2705;[0];[NP1]
2706;[0, 2, 3];[0, 2, 3, 4]
2707;[1, 3, 4];[1, 3, 4]
2708;[1, 2, 3, 4];[1, 2, 3, 4]
2709;[4];unknwon
2710;[1, 3, 4];[1, 3, 4]
2711;[0, 2];[0, 2]
2712;[1, 3, 4];[1, 3, 4]
2713;[0, 2];[0, 2]
2714;[1];[1, 3]
2715;[1, 3, 4];[1, 3, 4]
2716;[0, 2];[0, 2]
2717;[1, 3, 4];[1, 3, 4]
2718;[0];[0]
2719;[1, 3, 4];[1, 3, 4]
2720;[4];unknwon
2721;[1];[1, 3, 4]
2722;[1, 3, 4];[1, 3, 4]
2723;[1, 3, 4];[1, 3, 4]
2724;[1, 3, 4];[1, 3, 4]
2725;[0, 2];[0, 2]
2726;[3, 4];[3, 4]
2727;[0, 2];[0, 2]
2728;[1, 3, 4];[3, 4]
2729;[1, 3, 4];[1, 3, 4]
2730;[2];[NP2, 2]
2731;[4];unknwon
2732;[1, 3, 4];[1, 3, 4]
2733;[0, 2];[0, 2]
2734;[0, 2];[0, 2]
2735;[1, 3, 4];[1, 3, 4]
2736;[1, 3, 4];[1, 3, 4]
2737;[1, 3, 4];[1, 3, 4]
2738;[1, 3, 4];[1, 3, 4]
2739;[2];[2]
2740;[1, 4];[1, 3, 4]
2741;[0];[0]
2742;[1, 3, 4];[1, 3, 4]
2743;[0];[0, 2]
2744;[1, 4];[1, 3, 4]
2745;[0, 2];[0, 2]
2746;[0, 2];[2]
2747;[0, 2];[0, 2]
2748;[1, 3, 4];[1, 3, 4]
2749;[0, 2];[0, 2]
2750;[0, 2];[0, 2]
2751;[0, 2];[0, 2]
2752;[0];unknwon
2753;[1, 3, 4];[1, 3, 4]
2754;[1, 3, 4];[1, 3, 4]
2755;[1, 3, 4];[1, 3, 4]
2756;[3, 4];[3, 4]
2757;[1, 3, 4];[1, 3, 4]
2758;[1, 3, 4];[1, 3, 4]
2759;[0, 2];[0, 2]
2760;[1, 3, 4];[1, 4]
2761;[0, 2];[0, 2]
2762;[0, 2];[0, 2]
2763;[0];[0]
2764;[1, 3, 4];[1, 3, 4]
2765;[1, 3, 4];[1, 3, 4]
2766;[1, 3, 4];[1, 3, 4]
2767;[2];unknwon
2768;[1, 3, 4];[1, 3, 4]
2769;[1, 3, 4];[1, 3, 4]
2770;[0, 2];[0, 2]
2771;[2];[2]
2772;[1, 3, 4];[1, 3, 4]
2773;[1, 2, 3, 4];[1, 2, 3, 4]
2774;[1, 3, 4];[4]
2775;[0, 2];[0, 2]
2776;[2];[2]
2777;[0, 2];[0, 2]
2778;[1, 3, 4];[1, 3, 4]
2779;[1, 3, 4];[1, 3, 4]
2780;[1, 3, 4];[1, 3, 4]
2781;[1, 2, 3, 4];[1, 2, 3, 4]
2782;[0, 2];[0, 2]
2783;[0, 2, 3];[0, 3]
2784;[1, 3, 4];[1, 3, 4]
2785;[2];[2]
2786;[0];[NP1]
2787;[1, 3, 4];[1, 3, 4]
2788;[2, 3];[2, 3]
2789;[1, 3, 4];[1, 3, 4]
2790;[1, 3, 4];[1, 3, 4]
2791;[0, 2];[0, 2]
2792;[1, 3, 4];[1, 3, 4]
2793;[1, 3, 4];[1, 3, 4]
2794;[1, 3, 4];[1, 3, 4]
2795;[1, 3, 4];[1, 3, 4]
2796;[1, 3, 4];[1, 2, 3, 4]
2797;[1, 3, 4];[1, 3, 4]
2798;[1, 3, 4];[1, 3, 4]
2799;[1, 3, 4];[1, 3, 4]
2800;[0, 2];[0, 2]
2801;[1, 3, 4];[1, 3, 4]
2802;[1, 4];[1, 4]
2803;[1, 3, 4];[1, 3, 4]
2804;[1, 3, 4];[1, 4]
2805;[1, 3, 4];[1, 3, 4]
2806;[0, 2];[2]
2807;[1, 3, 4];[1, 3, 4]
2808;[0, 2];[0, 2]
2809;[1, 3, 4];[1, 3, 4]
2810;[0, 2];[0, 2]
2811;[1, 3, 4];[1, 3, 4]
2812;[0, 2];[0, 2]
2813;[1, 4];[1, 4]
2814;[0, 1, 3];[0, 1, 3, 4]
2815;[1];[3, 4]
2816;[1, 2, 3, 4];[1, 2, 3, 4]
2817;[4];unknwon
2818;[0, 2, 3];[0, 2, 3]
2819;[1, 3, 4];[1, 3, 4]
2820;[0];[0]
2821;[1];[1, 3]
2822;[1, 3, 4];[1, 3, 4]
2823;[0, 2, 3];[0, 2, 3]
2824;[1, 3, 4];[1, 3, 4]
2825;[1, 2, 3, 4];[1, 2, 3, 4]
2826;[1, 3, 4];[1, 3, 4]
2827;[1, 3, 4];[1, 3, 4]
2828;[1, 3, 4];[1, 3, 4]
2829;[0];[0]
2830;[0, 2];[0, 2]
2831;[1, 3, 4];[1, 3, 4]
2832;[1, 3, 4];[1, 3, 4]
2833;[0, 2];[0, 2]
2834;[1, 3, 4];[1, 3, 4]
2835;[1, 3, 4];[1, 3, 4]
2836;[2];[2]
2837;[2];[2]
2838;[1, 3, 4];[1, 3, 4]
2839;[0];[0]
2840;[1, 3, 4];[1, 3, 4]
2841;[0, 2];[0, 2]
2842;[1, 3, 4];[1, 3, 4]
2843;[0, 2];[0, 2]
2844;[1, 3, 4];[1, 3, 4]
2845;[0];[2]
2846;[0, 1, 3];[0, 1, 2, 3, 4]
2847;[0, 2];[0, 2]
2848;[1, 3, 4];[1, 4]
2849;[0];[NP1]
2850;[0, 2, 3];[0, 2, 3]
2851;[2, 3];[2, 3]
2852;[1, 3, 4];[1, 3, 4]
2853;[1, 3, 4];[1, 3, 4]
2854;[4];unknwon
2855;[2];[2]
2856;[0, 2];[0]
2857;[1, 3, 4];[1, 3, 4]
2858;[1, 3, 4];[1, 3, 4]
2859;[0, 2];[0, 2]
2860;[1, 3, 4];[1, 3, 4]
2861;[1, 3, 4];[1, 3, 4]
2862;[1, 3, 4];[1, 3, 4]
2863;[1, 3];[1, 3, 4]
2864;[0, 2];[0, 2]
2865;[1, 3, 4];[1, 3, 4]
2866;[0, 2];[0, 2]
2867;[0, 2];[0, 2]
2868;[1, 3, 4];[1, 3, 4]
2869;[1, 3, 4];[1, 2, 3, 4]
2870;[1, 3, 4];[1, 3, 4]
2871;[0, 1, 3, 4];[0, 1, 2, 3, 4]
2872;[0, 1, 3, 4];[0, 1, 3, 4]
2873;[1, 3, 4];[1, 3, 4]
2874;[2];[2]
2875;[1, 4];[1, 3, 4]
2876;[0, 2];unknwon
2877;[0, 2];[0, 2]
2878;[2];unknwon
2879;[0];[0]
2880;[1, 3, 4];[1, 3, 4]
2881;[0, 2];[0, 2]
2882;[2];[2]
2883;[1, 4];[1, 3, 4]
2884;[1, 3, 4];[1, 3, 4]
2885;[0, 2];[2]
2886;[0, 1, 2, 3, 4];[0, 1, 2, 3, 4]
2887;[1, 3, 4];[1, 3, 4]
2888;[1, 3, 4];[1, 3, 4]
2889;[0];[0]
2890;[0, 2];[0, 2]
2891;[1, 4];[1, 4]
2892;[0, 2];[0, 2]
2893;[1, 4];[1, 3, 4]
2894;[0, 2];[0, 2]
2895;[4];[4]
2896;[2];[2]
2897;[1, 3, 4];[1, 3, 4]
2898;[1, 3, 4];[1, 3, 4]
2899;[1, 4];[1, 3, 4]
2900;[1, 3, 4];[1, 3, 4]
2901;[1, 3, 4];[1, 3]
2902;[1, 3, 4];[1, 3, 4]
2903;[1, 4];[1, 3, 4]
2904;[0];[0, 2]
2905;[0, 2];[0, 2]
2906;[1, 3, 4];[1, 3, 4]
2907;[0, 2];[0, 2]
2908;[1, 4];[1, 4]
2909;[1, 3, 4];[1, 3, 4]
2910;[4];unknwon
2911;[1, 3, 4];[1, 3, 4]
2912;[3, 4];[NP3, 4]
2913;[0];unknwon
2914;[1, 3, 4];[1, 3, 4]
2915;[1, 3, 4];[1, 3, 4]
2916;[0, 2];[0, 2]
2917;[0, 2];[0, 2]
2918;[0, 1, 3, 4];[1, 3, 4]
2919;[0, 2];[0, 2]
2920;[1, 4];[1, 3, 4]
2921;[0, 2];[0, 2]
2922;[0, 2];[0, 2]
2923;[1, 3, 4];[1, 3, 4]
2924;[2, 3];[2, 3]
2925;[1, 3, 4];[1, 3, 4]
2926;[1, 3, 4];[1, 3, 4]
2927;[1, 3, 4];[1, 3, 4]
2928;[0, 1, 2, 3];[0, 1, 2, 3, 4]
2929;[1, 3, 4];[1, 3, 4]
2930;[2];[NP6]
2931;[1, 3, 4];[1, 3, 4]
2932;[1, 3];[1, 3, 4]
2933;[1, 3, 4];[1, 3, 4]
2934;[1, 3, 4];[1, 3, 4]
2935;[1, 3, 4];[1, 3]
2936;[0, 2, 3];[0, 2, 3]
2937;[1, 3, 4];[1, 3]
2938;[1, 3, 4];[1, 3, 4]
2939;[0];[0, 2]
2940;[1, 3, 4];[1, 3, 4]
2941;[3, 4];[3]
2942;[2];[2]
2943;[0];[0, 2]
2944;[1, 3, 4];[1, 3, 4]
2945;[0, 2];[0, 2]
2946;[1];[1, 3, 4]
2947;[1, 3, 4];[1, 3, 4]
2948;[1, 2, 3, 4];[0, 1, 2, 3, 4]
2949;[1, 3, 4];[1, 4]
2950;[1, 3, 4];[1, 3, 4]
2951;[0, 3];[0, 2, 3]
2952;[0, 2];[0, 2]
2953;[2];[2]
2954;[1, 4];[1, 3, 4]
2955;[1, 3, 4];[1, 3, 4]
2956;[1, 3, 4];[3, 4]
2957;[0, 2];[0, 2]
2958;[0];[0]
2959;[0, 2];[0, 2]
2960;[1, 3, 4];[1, 3, 4]
2961;[1, 3, 4];[1, 3, 4]
2962;[0, 1, 2, 3];[0, 1, 2, 3, 4]
2963;[1];[1]
2964;[1, 3, 4];[1, 3, 4]
2965;[0, 2, 3];[0, 2, 3]
2966;[1, 3, 4];[1, 3, 4]
2967;[1, 3, 4];[1, 3, 4]
2968;[0, 2];[0, 2]
2969;[2];[2, NP6]
2970;[2];[2]
2971;[1, 4];[1, 3, 4]
2972;[0, 2];[0, 2]
2973;[1, 3, 4];[1, 3, 4]
2974;[2];[2]
2975;[0, 2];[0, 2]
2976;[1, 3, 4];[1, 3, 4]
2977;[1, 3, 4];[1, 3, 4]
2978;[1, 3, 4];[1, 3, 4]
2979;[0, 2, 3];[0, 2, 3]
2980;[1, 3, 4];[1, 3, 4]
2981;[1, 3, 4];[1, 3, 4]
2982;[1, 3, 4];[1, 3, 4]
2983;[1, 3, 4];[1, 3, 4]
2984;[0, 2];[0, 2]
2985;[0];[0]
2986;[1, 3, 4];[1, 3, 4]
2987;[1, 3, 4];[1, 3, 4]
2988;[0, 2];[0, 2]
2989;[1, 3, 4];[1, 3, 4]
2990;[0];unknwon
2991;[1, 3, 4];[1, 3, 4]
2992;[1, 3, 4];[1, 3, 4]
2993;[2];[2, NP6]
2994;[1, 4];[1, 3]
2995;[1, 3, 4];[1, 3, 4]
2996;[0, 2];[0, 2]
2997;[3];unknwon
2998;[1, 3, 4];[1, 3, 4]
2999;[0, 1, 3, 4];[0, 1, 3, 4]
3000;[0, 2];[0, 2, 3]
3001;[1, 3, 4];[1, 3, 4]
3002;[0, 2];[0, 2]
3003;[1, 3, 4];[1, 3, 4]
3004;[1, 4];[1, 3, 4]
3005;[1, 3, 4];[1, 3, 4]
3006;[1, 3, 4];[1, 3, 4]
3007;[0];unknwon
3008;[1, 4];[1, 3, 4]
3009;[1, 3, 4];[1, 3, 4]
3010;[1, 3, 4];[1, 3, 4]
3011;[1, 3, 4];[1, 3, 4]
3012;[1, 3, 4];[1, 3, 4]
3013;[1, 3, 4];[1, 3, 4]
3014;[0, 2, 3];[0, 2, 3]
3015;[1, 3, 4];[1, 3, 4]
3016;[0, 2, 3];[0, 2, 3]
3017;[1, 4];[1, 3, 4]
3018;[1, 3, 4];unknwon
3019;[2];[2, NP6]
3020;[0, 2];[0, 2]
3021;[1, 3, 4];[1, 3, 4]
3022;[1, 3, 4];[1, 3, 4]
3023;[0, 2, 3];[0, 2, 3]
3024;[1];[1, 3, 4]
3025;[1, 3, 4];[1, 3, 4]
3026;[4];unknwon
3027;[2];[2, NP6]
3028;[0, 2];[0, 2]
3029;[1, 3, 4];[1, 3, 4]
3030;[0, 1, 3];[0, 1, 4]
3031;[1, 3, 4];[1, 3, 4]
3032;[0];[0]
3033;[1, 3, 4];[1, 3, 4]
3034;[1, 3, 4];[1, 3, 4]
3035;[1, 3, 4];[1, 3]
3036;[0, 2];[0, 2]
3037;[2];[2]
3038;[1, 3, 4];[3, 4]
3039;[2];[2]
3040;[1, 4];[1, 4]
3041;[1, 3, 4];[1, 3, 4]
3042;[1, 3, 4];[1, 3, 4]
3043;[1, 3, 4];[1, 3, 4]
3044;[1, 3, 4];[3, 4]
3045;[0, 1, 2, 3];[0, 1, 2, 3, 4]
3046;[1, 3, 4];[1, 3, 4]
3047;[1, 4];[1, 3, 4]
3048;[0, 2];[0, 2]
3049;[0, 1, 3, 4];[0, 1, 2, 3, 4]
3050;[0, 2];[0, 2]
3051;[0, 2];[0, 2]
3052;[0, 1, 3, 4];[0, 1, 2, 3, 4]
3053;[1, 3, 4];[1, 3, 4]
3054;[1];[3, 4]
3055;[1, 3, 4];[1, 3, 4]
3056;[1, 3, 4];[1, 3, 4]
3057;[0, 2];[0, 2]
3058;[1, 3, 4];[1, 3, 4]
3059;[1, 3, 4];[1, 3]
3060;[0, 2];[0, 2]
